row,k,base_p,drop_top,drop_random
0,1,0.9999967548083508,0.0,0.0
0,3,0.9999967548083508,-2.0588813987032495e-09,9.659113141546882e-07
0,5,0.9999967548083508,1.1803375973729047e-05,0.015390979815610661
1,1,0.9999967343471164,0.0,0.0
1,3,0.9999967343471164,1.44706115878801e-06,2.2097015217603655e-07
1,5,0.9999967343471164,1.8469944015553352e-05,-2.252011577219548e-08
2,1,0.9999967468349236,0.0,1.325880905067578e-08
2,3,0.9999967468349236,-1.003230865048721e-08,1.1796252520346329e-05
2,5,0.9999967468349236,1.8468642131286295e-05,0.9816962065129171
3,1,0.9999964103998242,0.0,0.9657187401399545
3,3,0.9999964103998242,3.1180087080029395e-06,3.801511885281883e-07
3,5,0.9999964103998242,0.00025473019534394403,2.4608387690583378e-05
4,1,0.9999967343471164,0.0,0.0
4,3,0.9999967343471164,1.44706115878801e-06,0.0
4,5,0.9999967343471164,1.8469944015553352e-05,1.7500448585838768e-06
5,1,0.9999967548944172,0.0,0.0
5,3,0.9999967548944172,3.290206159745068e-07,0.0
5,5,0.9999967548944172,2.0773103823312766e-05,9.654137518300132e-07
6,1,0.999992814773208,0.5772266130261816,0.0
6,3,0.999992814773208,0.9999739138918947,0.9999236791799051
6,5,0.999992814773208,0.9838160150968714,0.0014720828739493985
7,1,0.9999967749090448,0.0,0.0
7,3,0.9999967749090448,2.2978088098923877e-08,1.428903303901663e-06
7,5,0.9999967749090448,2.2978088098923877e-08,1.177791687589913e-05
8,1,0.9999967343471164,0.0,0.0
8,3,0.9999967343471164,1.44706115878801e-06,5.275835491813652e-07
8,5,0.9999967343471164,1.8469944015553352e-05,3.3887654893316466e-07
9,1,0.999996644001721,0.0,0.0
9,3,0.999996644001721,2.4584823719142612e-05,4.813445394491467e-07
9,5,0.999996644001721,0.00020418974527758316,3.4825164907381634e-07
10,1,0.9999967533700984,1.0529200067388444e-07,1.0529200067388444e-07
10,3,0.9999967533700984,1.0529200067388444e-07,-1.4319962993170066e-09
10,5,0.9999967533700984,4.5306715079629356e-07,0.0
11,1,0.9999967749090448,0.0,0.9638060391979634
11,3,0.9999967749090448,0.0,0.0
11,5,0.9999967749090448,2.2978088098923877e-08,0.9717821937112124
12,1,0.999996726323416,0.0,0.0
12,3,0.999996726323416,-1.0095563496292925e-08,0.0
12,5,0.999996726323416,1.1774891038873747e-05,3.270636819152628e-07
13,1,0.999990668699379,0.0,0.0
13,3,0.999990668699379,0.00027884077189688217,0.8904758779228658
13,5,0.999990668699379,0.002215298408677402,0.00034215114510605105
14,1,0.999996726323416,0.0,1.0616915313566011e-07
14,3,0.999996726323416,-1.0095563496292925e-08,3.397091646872852e-07
14,5,0.999996726323416,1.1774891038873747e-05,0.016739438173493437
15,1,0.9999967749090448,0.0,0.0
15,3,0.9999967749090448,1.1470487593090439e-07,0.0
15,5,0.9999967749090448,2.2978088098923877e-08,0.0
16,1,0.9999967749090448,2.2978088098923877e-08,0.0
16,3,0.9999967749090448,2.2978088098923877e-08,2.9415255020648345e-07
16,5,0.9999967749090448,2.2978088098923877e-08,3.346674556370388e-07
17,1,0.9999966534747728,0.0,0.0
17,3,0.9999966534747728,1.951153598822586e-05,2.2890696405042377e-07
17,5,0.9999966534747728,0.0001664497792992492,8.852768962341884e-08
18,1,0.9999967749090448,0.0,3.346674556370388e-07
18,3,0.9999967749090448,2.2978088098923877e-08,2.2978088098923877e-08
18,5,0.9999967749090448,2.2978088098923877e-08,1.3334757676952691e-05
19,1,0.9999967533763573,0.0,-1.9485259850071657e-08
19,3,0.9999967533763573,1.0529179772511554e-07,-7.360049170124228e-08
19,5,0.9999967533763573,1.0316520659969797e-07,0.0
20,1,0.999996644001721,0.0,0.0
20,3,0.999996644001721,2.4584823719142612e-05,0.0
20,5,0.999996644001721,0.00020418974527758316,0.9400176148316698
21,1,0.9999967533763573,0.0,0.0
21,3,0.9999967533763573,-2.059790116248905e-09,0.0
21,5,0.9999967533763573,3.4934519665963393e-07,0.0
22,1,0.9999967533763573,1.0529179772511554e-07,0.0
22,3,0.9999967533763573,1.0529179772511554e-07,3.3690189316093466e-07
22,5,0.9999967533763573,1.0316520659969797e-07,-2.1532687521919058e-08
23,1,0.9999967749090448,0.0,0.0
23,3,0.9999967749090448,1.1470487593090439e-07,0.0
23,5,0.9999967749090448,2.2978088098923877e-08,0.0
24,1,0.9999967325055674,0.0,0.0
24,3,0.9999967325055674,1.4523920789377698e-06,1.075739131106701e-07
24,5,0.9999967325055674,1.8638433149975597e-05,0.0
25,1,0.9999966218314077,0.0,0.0
25,3,0.9999966218314077,1.4969183618207538e-06,0.0
25,5,0.9999966218314077,1.9106302028060185e-05,2.7861030523768093e-06
26,1,0.9999967749090448,1.1470487593090439e-07,0.0
26,3,0.9999967749090448,3.364319078880129e-07,0.0
26,5,0.9999967749090448,3.364319078880129e-07,2.2041150826712652e-07
27,1,0.9999967749090448,1.1470487593090439e-07,0.0
27,3,0.9999967749090448,3.364319078880129e-07,2.2041150826712652e-07
27,5,0.9999967749090448,3.364319078880129e-07,0.0
28,1,0.9999967749090448,0.0,0.0
28,3,0.9999967749090448,2.2978088098923877e-08,2.2041150826712652e-07
28,5,0.9999967749090448,2.2978088098923877e-08,1.428903303901663e-06
29,1,0.9999621266233889,0.9439714160771528,0.0
29,3,0.9999621266233889,0.9999230902258226,0.009292327958907443
29,5,0.9999621266233889,0.9900921565109709,1.7944123471114182e-05
30,1,0.9999967351969773,0.0,5.560086369094108e-08
30,3,0.9999967351969773,1.4511957602270087e-06,0.0
30,5,0.9999967351969773,1.8623084806601575e-05,0.03403385309979101
31,1,0.9999966534747728,0.0,2.2890696405042377e-07
31,3,0.9999966534747728,1.951153598822586e-05,1.3858693675428135e-05
31,5,0.9999966534747728,0.0001664430558634411,1.7440122737077957e-06
32,1,0.9999967343471164,0.0,3.3887654893316466e-07
32,3,0.9999967343471164,-2.0718630144855865e-09,-3.8514500699804444e-08
32,5,0.9999967343471164,1.1782914739355554e-05,-1.4535185122177552e-07
33,1,0.9999967749090448,0.0,0.0
33,3,0.9999967749090448,2.2978088098923877e-08,7.012466846090248e-07
33,5,0.9999967749090448,2.2978088098923877e-08,0.0
34,1,0.9999967533763573,0.0,0.0
34,3,0.9999967533763573,-2.059790116248905e-09,2.1968254448889724e-07
34,5,0.9999967533763573,3.4934519665963393e-07,-2.059790116248905e-09
35,1,0.9999967749090448,2.2978088098923877e-08,0.0
35,3,0.9999967749090448,2.2978088098923877e-08,0.0
35,5,0.9999967749090448,2.2978088098923877e-08,0.0
36,1,0.9999967749090448,2.2978088098923877e-08,0.0
36,3,0.9999967749090448,2.2978088098923877e-08,2.2978088098923877e-08
36,5,0.9999967749090448,2.2978088098923877e-08,0.0
37,1,0.9999967533763573,0.0,0.0
37,3,0.9999967533763573,-2.059790116248905e-09,3.3690189316093466e-07
37,5,0.9999967533763573,3.4934519665963393e-07,3.3690189316093466e-07
38,1,0.9999945462870137,0.024629261595978114,0.0
38,3,0.9999945462870137,0.9996977648317656,0.0051259782036992
38,5,0.9999945462870137,0.9091023745297094,4.5530768271406785e-05
39,1,0.9999967533763573,1.0529179772511554e-07,3.367150677169306e-07
39,3,0.9999967533763573,1.0529179772511554e-07,0.0
39,5,0.9999967533763573,4.530734096785949e-07,4.5311977248108093e-07
40,1,0.9999967749090448,0.0,0.0
40,3,0.9999967749090448,1.1470487593090439e-07,0.0
40,5,0.9999967749090448,2.2978088098923877e-08,2.2041150826712652e-07
41,1,0.9999967749090448,2.2978088098923877e-08,-8.427029052349155e-08
41,3,0.9999967749090448,2.2978088098923877e-08,0.0
41,5,0.9999967749090448,2.2978088098923877e-08,0.0
42,1,0.9999967749090448,2.2978088098923877e-08,-8.471713441871032e-09
42,3,0.9999967749090448,2.2978088098923877e-08,3.346674556370388e-07
42,5,0.9999967749090448,2.2978088098923877e-08,1.7445517458414272e-06
43,1,0.9999967533763573,0.0,2.1968254448889724e-07
43,3,0.9999967533763573,1.0529179772511554e-07,-1.9485259850071657e-08
43,5,0.9999967533763573,9.878373042893074e-07,-1.431993523759445e-09
44,1,0.9999967468349236,0.0,0.0
44,3,0.9999967468349236,-1.003230865048721e-08,0.0
44,5,0.9999967468349236,1.8468642131286295e-05,0.0
45,1,0.9999967749090448,2.2978088098923877e-08,2.7047843509375724e-07
45,3,0.9999967749090448,2.2978088098923877e-08,0.0
45,5,0.9999967749090448,2.2978088098923877e-08,3.3448186942397484e-07
46,1,0.9999967749028273,1.147050970873309e-07,0.0
46,3,0.9999967749028273,1.147050970873309e-07,0.0
46,5,0.9999967749028273,2.0214357467907007e-06,0.0
47,1,0.9999967343471164,0.0,0.0
47,3,0.9999967343471164,-2.0718630144855865e-09,1.4468745183071618e-06
47,5,0.9999967343471164,1.1782914739355554e-05,-2.0461234373492232e-08
48,1,0.9999967548083508,0.0,0.0
48,3,0.9999967548083508,1.3226312045588884e-08,0.0
48,5,0.9999967548083508,1.8578994248175107e-05,0.0
49,1,0.9999967548083508,1.3226312045588884e-08,0.0
49,3,0.9999967548083508,1.3226312045588884e-08,0.0
49,5,0.9999967548083508,3.5130702691343885e-07,1.3155380784724002e-08
50,1,0.9999954632487928,0.0,0.0
50,3,0.9999954632487928,-9.654119530466687e-07,6.117100971281264e-05
50,5,0.9999954632487928,2.1010787928599228e-05,-6.000198781164201e-07
51,1,0.9999967468349236,0.0,0.0
51,3,0.9999967468349236,-1.003230865048721e-08,-1.003230865048721e-08
51,5,0.9999967468349236,1.1795402546477263e-05,3.1856121074369526e-09
52,1,0.9999961528440425,0.0,0.0
52,3,0.9999961528440425,1.712870230097252e-06,2.358751086006805e-06
52,5,0.9999961528440425,3.5357041231920405e-05,5.435717301605081e-06
53,1,0.9999918289013309,0.5805161574333966,4.200264028808576e-07
53,3,0.9999918289013309,0.9999728554402326,0.5805161574333966
53,5,0.9999918289013309,0.9838150292249943,0.6827823451570887
54,1,0.9999967749090448,0.0,0.0
54,3,0.9999967749090448,1.1470487593090439e-07,3.346674556370388e-07
54,5,0.9999967749090448,2.2978088098923877e-08,3.346674556370388e-07
55,1,0.9999962980543885,0.0,0.0
55,3,0.9999962980543885,1.648218536653978e-06,3.841504271351326e-07
55,5,0.9999962980543885,3.392362341858579e-05,7.209442109967767e-07
56,1,0.9999967749090448,0.0,1.1470487593090439e-07
56,3,0.9999967749090448,1.1470487593090439e-07,0.0
56,5,0.9999967749090448,2.2978088098923877e-08,1.0160336335163223e-05
57,1,0.9999967548083508,0.0,0.0
57,3,0.9999967548083508,-2.0588813987032495e-09,0.0
57,5,0.9999967548083508,3.282463395537505e-07,1.6905217892215774e-08
58,1,0.9999967749090448,2.2978088098923877e-08,0.0
58,3,0.9999967749090448,2.2978088098923877e-08,0.0
58,5,0.9999967749090448,2.2978088098923877e-08,5.757827548080741e-07
59,1,0.9999966534747728,0.0,-1.176617699938376e-07
59,3,0.9999966534747728,1.951153598822586e-05,8.852768962341884e-08
59,5,0.9999966534747728,0.0001664430558634411,2.0786845280840183e-05
60,1,0.9999966215961776,0.0,4.5675897720198755e-05
60,3,0.9999966215961776,4.5675897720198755e-05,3.5020562005882994e-07
60,5,0.9999966215961776,0.00039107663312820673,0.9249770975712468
61,1,0.9999967533700984,0.0,0.0
61,3,0.9999967533700984,-2.0597940020294914e-09,0.0
61,5,0.9999967533700984,2.0506458173752407e-06,0.0
62,1,0.9999967749090448,1.1470487593090439e-07,0.0
62,3,0.9999967749090448,3.364319078880129e-07,0.0
62,5,0.9999967749090448,3.364319078880129e-07,2.2041150826712652e-07
63,1,0.9999967533700984,0.0,-1.9485297264587587e-08
63,3,0.9999967533700984,-2.0597940020294914e-09,0.0
63,5,0.9999967533700984,2.0506458173752407e-06,0.3230235050711818
64,1,0.9999967548020947,0.0,0.0
64,3,0.9999967548020947,-2.0588855065284406e-09,0.0
64,5,0.9999967548020947,2.018887335308861e-06,2.0281015516987466e-06
65,1,0.9999967749090448,1.1470487593090439e-07,0.0
65,3,0.9999967749090448,3.364319078880129e-07,3.346674556370388e-07
65,5,0.9999967749090448,3.364319078880129e-07,0.0
66,1,0.9999967749090448,0.0,1.4139382009670243e-07
66,3,0.9999967749090448,8.53153248048244e-08,0.0
66,5,0.9999967749090448,2.2978088098923877e-08,3.346674556370388e-07
67,1,0.9999967548083508,0.0,-1.8053266326312212e-08
67,3,0.9999967548083508,-2.0588813987032495e-09,2.4620211199755104e-06
67,5,0.9999967548083508,3.282463395537505e-07,3.367532959153152e-07
68,1,0.9999967533763573,0.0,3.5162807299204957e-07
68,3,0.9999967533763573,1.0529179772511554e-07,0.0
68,5,0.9999967533763573,1.919387434945463e-05,2.2959083401108416e-07
69,1,0.9999967749090448,2.2978088098923877e-08,0.0
69,3,0.9999967749090448,2.2978088098923877e-08,2.7047843509375724e-07
69,5,0.9999967749090448,2.2978088098923877e-08,0.0
70,1,0.999996726323416,0.0,0.5253492775122333
70,3,0.999996726323416,-1.0095563496292925e-08,1.4550802829305098e-07
70,5,0.999996726323416,1.1774891038873747e-05,1.0983060582780979e-05
71,1,0.9999967533763573,1.0529179772511554e-07,0.0341832293234936
71,3,0.9999967533763573,1.0529179772511554e-07,-2.059790116248905e-09
71,5,0.9999967533763573,4.530734096785949e-07,3.512412267703269e-07
72,1,0.9999967113499274,0.0,0.0
72,3,0.9999967113499274,0.0,1.460907729344818e-06
72,5,0.9999967113499274,1.187551107739715e-05,0.9429800353015334
73,1,0.9999966203646224,0.0,0.0
73,3,0.9999966203646224,4.2768819473959496e-05,-2.363709850072837e-08
73,5,0.9999966203646224,0.0003759831550659287,0.0
74,1,0.9999967749090448,2.2978088098923877e-08,0.0
74,3,0.9999967749090448,2.2978088098923877e-08,0.0
74,5,0.9999967749090448,2.2978088098923877e-08,3.346674556370388e-07
75,1,0.9999967749090448,1.1470487593090439e-07,0.0
75,3,0.9999967749090448,3.364319078880129e-07,0.0
75,5,0.9999967749090448,3.364319078880129e-07,0.0
76,1,0.9999967548020947,0.0,-2.0588855065284406e-09
76,3,0.9999967548020947,-2.0588855065284406e-09,6.882947797270944e-07
76,5,0.9999967548020947,2.018887335308861e-06,3.3448140990266495e-07
77,1,0.9999967749090448,1.1470487593090439e-07,0.0
77,3,0.9999967749090448,3.364319078880129e-07,0.0
77,5,0.9999967749090448,3.364319078880129e-07,6.448655627189215e-05
78,1,0.9999875878554174,0.703225952801968,0.0
78,3,0.9999875878554174,0.9999686869741041,0.023400720915253914
78,5,0.9999875878554174,0.9838107881790809,1.0121293659848263e-06
79,1,0.9999961528440425,0.0,-3.3827567968991445e-08
79,3,0.9999961528440425,1.712870230097252e-06,2.918324881751033e-07
79,5,0.9999961528440425,3.5357041231920405e-05,1.1625127775971578e-06
80,1,0.9999966203646224,0.0,0.0
80,3,0.9999966203646224,4.2768819473959496e-05,8.497150891795258e-07
80,5,0.9999966203646224,0.0003759831550659287,1.1335948575941224e-05
81,1,0.9999965336541589,0.0,0.0
81,3,0.9999965336541589,1.5433228939265575e-06,1.6629504940857132e-06
81,5,0.9999965336541589,3.178538800041597e-05,1.337682227176007e-05
82,1,0.9999967749090448,0.0,1.1470487593090439e-07
82,3,0.9999967749090448,1.1470487593090439e-07,0.0
82,5,0.9999967749090448,2.2978088098923877e-08,0.0
83,1,0.9999967533700984,0.0,0.0
83,3,0.9999967533700984,-2.0597940020294914e-09,-1.4319962993170066e-09
83,5,0.9999967533700984,2.0506458173752407e-06,3.2515635001173493e-06
84,1,0.9999967749090448,0.0,0.0
84,3,0.9999967749090448,1.1470487593090439e-07,3.346674556370388e-07
84,5,0.9999967749090448,2.2978088098923877e-08,1.3541522336790734e-07
85,1,0.9999967749090448,0.0,0.0
85,3,0.9999967749090448,1.1470487593090439e-07,1.177791687589913e-05
85,5,0.9999967749090448,2.2978088098923877e-08,0.0
86,1,0.9999967749028273,1.147050970873309e-07,0.0
86,3,0.9999967749028273,1.147050970873309e-07,1.5258335970269599e-06
86,5,0.9999967749028273,2.0214357467907007e-06,2.0214357467907007e-06
87,1,0.9999967749090448,0.0,0.0
87,3,0.9999967749090448,2.2978088098923877e-08,0.0
87,5,0.9999967749090448,2.2978088098923877e-08,0.0
88,1,0.9999967749090448,0.0,0.9900588561023639
88,3,0.9999967749090448,2.2978088098923877e-08,1.177791687589913e-05
88,5,0.9999967749090448,2.2978088098923877e-08,0.0
89,1,0.999996726323416,0.0,1.4506165670891136e-06
89,3,0.999996726323416,1.4506165670891136e-06,0.0
89,5,0.999996726323416,1.8515323629397784e-05,1.3609420522975313e-05
90,1,0.9999967533763573,0.0,0.0
90,3,0.9999967533763573,-2.059790116248905e-09,3.368569867490123e-07
90,5,0.9999967533763573,3.4934519665963393e-07,2.1968254448889724e-07
91,1,0.9999951220180087,0.021985681143080082,0.0
91,3,0.9999951220180087,0.9996865557433219,4.554511780940906e-06
91,5,0.9999951220180087,0.908040538902993,0.025510880318090012
92,1,0.9999967749090448,0.0,0.9250640662529643
92,3,0.9999967749090448,1.1470487593090439e-07,0.003470824377964199
92,5,0.9999967749090448,2.2978088098923877e-08,1.4139382009670243e-07
93,1,0.9999967749090448,1.1470487593090439e-07,3.346674556370388e-07
93,3,0.9999967749090448,1.1470487593090439e-07,4.127896703898237e-06
93,5,0.9999967749090448,2.2978088098923877e-08,4.790894828077263e-06
94,1,0.9999967749090448,0.0,0.0
94,3,0.9999967749090448,1.1470487593090439e-07,0.0
94,5,0.9999967749090448,2.2978088098923877e-08,1.0999028679514744e-05
95,1,0.9999928260709,0.0,-1.0632479301442288e-06
95,3,0.9999928260709,0.00019524936698334106,0.0025777847341688087
95,5,0.9999928260709,0.0016176659189707232,4.6773343110873e-06
96,1,0.9999967533763573,0.0,0.0
96,3,0.9999967533763573,1.0529179772511554e-07,0.0
96,5,0.9999967533763573,1.0977495991992825e-05,3.290829188040689e-07
97,1,0.9999967533763573,0.0,0.0
97,3,0.9999967533763573,-2.059790116248905e-09,1.044665752791829e-05
97,5,0.9999967533763573,1.1801943980205287e-05,5.87157988896081e-07
98,1,0.9999962489393814,0.0,0.0
98,3,0.9999962489393814,1.6700859097884546e-06,-9.539801171243312e-09
98,5,0.9999962489393814,3.4714920458700504e-05,0.993321626359151
99,1,0.9999967343471164,0.0,0.0
99,3,0.9999967343471164,-2.0718630144855865e-09,-2.0461234373492232e-08
99,5,0.9999967343471164,1.1782914739355554e-05,9.863849281810388e-08
100,1,0.9999967749090448,0.0,1.177791687589913e-05
100,3,0.9999967749090448,2.2978088098923877e-08,0.0
100,5,0.9999967749090448,2.2978088098923877e-08,0.0
101,1,0.9999967749090448,0.0,1.177791687589913e-05
101,3,0.9999967749090448,2.2978088098923877e-08,0.0
101,5,0.9999967749090448,2.2978088098923877e-08,0.0
102,1,0.9999967749090448,0.0,0.0
102,3,0.9999967749090448,1.1470487593090439e-07,0.0
102,5,0.9999967749090448,2.2978088098923877e-08,-1.0478992285012367e-07
103,1,0.9999967749090448,2.2978088098923877e-08,0.0
103,3,0.9999967749090448,2.2978088098923877e-08,0.0
103,5,0.9999967749090448,2.2978088098923877e-08,3.5589354864251632e-06
104,1,0.9999967548083508,1.3226312045588884e-08,0.0
104,3,0.9999967548083508,1.3226312045588884e-08,0.0
104,5,0.9999967548083508,3.5130702691343885e-07,0.012143307042465024
105,1,0.9999967749090448,2.2978088098923877e-08,0.0
105,3,0.9999967749090448,2.2978088098923877e-08,0.0
105,5,0.9999967749090448,2.2978088098923877e-08,0.0
106,1,0.9999967548083508,0.0,0.0
106,3,0.9999967548083508,-2.0588813987032495e-09,-1.8053266326312212e-08
106,5,0.9999967548083508,3.282463395537505e-07,0.9958187302076655
107,1,0.9999967749090448,0.0,0.0
107,3,0.9999967749090448,1.1470487593090439e-07,0.9977632335600949
107,5,0.9999967749090448,2.2978088098923877e-08,5.856814843108182e-07
108,1,0.9999967343471164,0.0,0.0
108,3,0.9999967343471164,-2.0718630144855865e-09,3.3887654893316466e-07
108,5,0.9999967343471164,1.1782914739355554e-05,-7.30585358876823e-09
109,1,0.9999967548083508,0.0,1.1812929344934275e-05
109,3,0.9999967548083508,1.3226312045588884e-08,0.0
109,5,0.9999967548083508,1.8578994248175107e-05,0.9693448452688269
110,1,0.999996726323416,0.0,0.0
110,3,0.999996726323416,1.4506165670891136e-06,1.4506165670891136e-06
110,5,0.999996726323416,1.8515323629397784e-05,1.7182587941366734e-07
111,1,0.999992814773208,0.5772266130261816,0.0
111,3,0.999992814773208,0.9999739138918947,1.6309120381086117e-05
111,5,0.999992814773208,0.9838160150968714,2.7551794568037025e-07
112,1,0.9999898542324386,0.04486788144500409,3.453983797530036e-06
112,3,0.9999898542324386,0.9996930727771906,-1.739880292395135e-06
112,5,0.9999898542324386,0.9090976824751343,0.05683875404134198
113,1,0.9999967749090448,0.0,0.0
113,3,0.9999967749090448,1.1470487593090439e-07,1.177791687589913e-05
113,5,0.9999967749090448,2.2978088098923877e-08,0.0
114,1,0.9999967749090448,0.0,0.0
114,3,0.9999967749090448,8.53153248048244e-08,0.0
114,5,0.9999967749090448,2.2978088098923877e-08,1.4139382009670243e-07
115,1,0.9999967749090448,1.1470487593090439e-07,0.0
115,3,0.9999967749090448,1.1470487593090439e-07,0.0
115,5,0.9999967749090448,2.2978088098923877e-08,2.7047843509375724e-07
116,1,0.9999967749090448,2.2978088098923877e-08,0.0
116,3,0.9999967749090448,2.2978088098923877e-08,3.346674556370388e-07
116,5,0.9999967749090448,2.2978088098923877e-08,0.0
117,1,0.9999967749090448,2.2978088098923877e-08,0.0
117,3,0.9999967749090448,2.2978088098923877e-08,0.0
117,5,0.9999967749090448,2.2978088098923877e-08,2.449599760812049e-07
118,1,0.9999916646757046,0.0,-7.329115281340393e-08
118,3,0.9999916646757046,2.990095818389271e-06,-5.28873456162593e-06
118,5,0.9999916646757046,7.869048355724217e-05,0.0
119,1,0.9999967749028273,1.147050970873309e-07,1.5258335970269599e-06
119,3,0.9999967749028273,1.147050970873309e-07,0.00020491224662655405
119,5,0.9999967749028273,2.0214357467907007e-06,2.704789565655119e-07
120,1,0.999996734651492,0.0,0.0
120,3,0.999996734651492,1.4514382258301595e-06,0.0
120,5,0.999996734651492,1.919946528783356e-05,5.821104080983019e-07
121,1,0.9999962600208341,0.0,6.86382711778677e-08
121,3,0.9999962600208341,-1.6300878480368652e-07,5.788801276662703e-05
121,5,0.9999962600208341,2.1847841293221038e-05,4.807987621924248e-06
122,1,0.9999966201542628,0.0,-1.1342185168849994e-07
122,3,0.9999966201542628,1.4976615265727133e-06,1.904641536398799e-05
122,5,0.9999966201542628,1.911578743829523e-05,2.1327096610956886e-07
123,1,0.9999967749090448,0.0,0.0
123,3,0.9999967749090448,1.1470487593090439e-07,1.4139382009670243e-07
123,5,0.9999967749090448,2.2978088098923877e-08,0.0
124,1,0.9999967749090448,0.0,1.428903303901663e-06
124,3,0.9999967749090448,2.2978088098923877e-08,0.0
124,5,0.9999967749090448,2.2978088098923877e-08,1.1940084979622512e-06
125,1,0.9999967533700984,0.0,0.0
125,3,0.9999967533700984,-2.0597940020294914e-09,6.885984995541605e-07
125,5,0.9999967533700984,2.0506458173752407e-06,6.885984995541605e-07
126,1,0.9999966203646224,0.0,1.7732980496232287e-06
126,3,0.9999966203646224,4.2768819473959496e-05,-1.188258987872004e-07
126,5,0.9999966203646224,0.0003759831550659287,7.700735705773454e-07
127,1,0.9999967749090448,1.1470487593090439e-07,0.0
127,3,0.9999967749090448,3.364319078880129e-07,0.0
127,5,0.9999967749090448,3.364319078880129e-07,0.000424667485652952
128,1,0.9999967468349236,0.0,1.1590942894379452e-07
128,3,0.9999967468349236,-1.003230865048721e-08,1.325880905067578e-08
128,5,0.9999967468349236,1.1795402546477263e-05,1.4606616089984925e-06
129,1,0.9999967548944172,0.0,0.0
129,3,0.9999967548944172,3.290206159745068e-07,1.810564319582042e-07
129,5,0.9999967548944172,2.0773103823312766e-05,8.042670782693051e-07
130,1,0.9999967749090448,0.0,0.0
130,3,0.9999967749090448,1.1470487593090439e-07,0.9250736411566944
130,5,0.9999967749090448,2.2978088098923877e-08,1.1470487593090439e-07
131,1,0.9999967533763573,0.0,0.0
131,3,0.9999967533763573,1.0529179772511554e-07,2.1968254448889724e-07
131,5,0.9999967533763573,1.0316520659969797e-07,2.1968254448889724e-07
132,1,0.9999967749090448,1.1470487593090439e-07,0.0
132,3,0.9999967749090448,3.364319078880129e-07,-8.471713441871032e-09
132,5,0.9999967749090448,3.364319078880129e-07,2.4577817867577068e-06
133,1,0.9999967548083508,0.0,0.0
133,3,0.9999967548083508,-2.0588813987032495e-09,3.367532959153152e-07
133,5,0.9999967548083508,1.1803375973729047e-05,-1.8053266326312212e-08
134,1,0.9999967749028273,1.147050970873309e-07,0.0
134,3,0.9999967749028273,1.147050970873309e-07,0.0
134,5,0.9999967749028273,2.0214357467907007e-06,2.704789565655119e-07
135,1,0.9999967548083508,0.0,0.0
135,3,0.9999967548083508,-2.0588813987032495e-09,0.0
135,5,0.9999967548083508,1.1159039359220913e-08,0.0
136,1,0.9999967749090448,0.0,0.0
136,3,0.9999967749090448,2.2978088098923877e-08,0.0
136,5,0.9999967749090448,2.2978088098923877e-08,6.128324124832218e-07
137,1,0.9999967659932664,0.0,0.0
137,3,0.9999967659932664,0.0,0.0
137,5,0.9999967659932664,1.8498634405728076e-05,3.355926421200195e-07
138,1,0.999996620205239,0.0,0.0
138,3,0.999996620205239,4.4658909987282946e-05,0.0
138,5,0.999996620205239,0.00039105688126550575,-1.4134577730473552e-07
139,1,0.999996726323416,0.0,1.0616915313566011e-07
139,3,0.999996726323416,1.4506165670891136e-06,3.270636819152628e-07
139,5,0.999996726323416,1.8515323629397784e-05,-1.0095563496292925e-08
140,1,0.999996726323416,0.0,0.0
140,3,0.999996726323416,-1.0095563496292925e-08,1.0453248589836761e-05
140,5,0.999996726323416,1.1774891038873747e-05,2.129464516942292e-07
141,1,0.9999967335761145,0.0,0.0
141,3,0.9999967335761145,1.4474027999478167e-06,0.0
141,5,0.9999967335761145,1.8611382980204816e-05,3.3895655549009973e-07
142,1,0.9999967468349236,0.0,0.0
142,3,0.9999967468349236,-1.003230865048721e-08,1.9874715745382687e-06
142,5,0.9999967468349236,1.8468642131286295e-05,1.1841953242996972e-05
143,1,0.9999967749090448,1.1470487593090439e-07,3.346674556370388e-07
143,3,0.9999967749090448,3.364319078880129e-07,0.04924910256160431
143,5,0.9999967749090448,3.364319078880129e-07,1.0606378131328142e-07
144,1,0.9999967346471157,0.0,-1.148078093704541e-07
144,3,0.9999967346471157,1.4514401711629432e-06,0.0
144,5,0.9999967346471157,1.862622125847757e-05,-1.148078093704541e-07
145,1,0.9999967659932664,0.0,0.0
145,3,0.9999967659932664,0.0,0.0
145,5,0.9999967659932664,1.8498634405728076e-05,1.1810476490015098e-05
146,1,0.9999967548020947,1.3226337691740753e-08,0.0
146,3,0.9999967548020947,1.3226337691740753e-08,0.0
146,5,0.9999967548020947,3.513007708066951e-07,1.3155406208831266e-08
147,1,0.9999967533763573,0.0,0.0
147,3,0.9999967533763573,-2.059790116248905e-09,6.968936751006183e-07
147,5,0.9999967533763573,3.4934519665963393e-07,3.487741264684985e-07
148,1,0.9999967533763573,0.0,3.5162807299204957e-07
148,3,0.9999967533763573,1.0529179772511554e-07,3.367150677169306e-07
148,5,0.9999967533763573,3.464930605767691e-07,7.250182402218641e-07
149,1,0.9999967548944172,0.0,0.0
149,3,0.9999967548944172,3.290206159745068e-07,0.0
149,5,0.9999967548944172,2.0773103823312766e-05,2.3120687586697386e-08
150,1,0.9999967749090448,2.2978088098923877e-08,0.0
150,3,0.9999967749090448,2.2978088098923877e-08,0.0
150,5,0.9999967749090448,2.2978088098923877e-08,2.2041150826712652e-07
151,1,0.9999967094903409,0.0,2.8924382227457635e-05
151,3,0.9999967094903409,1.466238465641645e-06,4.3251143722056185e-07
151,5,0.9999967094903409,3.3262485317320234e-05,2.9459471819648364e-05
152,1,0.9999967749090448,0.0,0.0
152,3,0.9999967749090448,0.0,1.428903303901663e-06
152,5,0.9999967749090448,2.2978088098923877e-08,2.7047843509375724e-07
153,1,0.9999967402151716,0.0,0.0
153,3,0.9999967402151716,9.59150806556508e-08,-9.724520633191958e-09
153,5,0.9999967402151716,4.440893528467882e-07,0.0
154,1,0.9999966467524015,0.0,0.0
154,3,0.9999966467524015,1.492968350724766e-06,2.0179800885866683e-07
154,5,0.9999966467524015,3.716080462501381e-05,3.2901028468312887e-07
155,1,0.999996726323416,0.0,1.5608493408869606e-07
155,3,0.999996726323416,-1.0095563496292925e-08,0.0
155,5,0.999996726323416,1.1774891038873747e-05,1.4550802829305098e-07
156,1,0.9999967749090448,1.1470487593090439e-07,0.0
156,3,0.9999967749090448,1.1470487593090439e-07,3.346674556370388e-07
156,5,0.9999967749090448,3.364319078880129e-07,0.0
157,1,0.9999967749090448,0.0,0.0
157,3,0.9999967749090448,2.2978088098923877e-08,0.0
157,5,0.9999967749090448,2.2978088098923877e-08,0.0
158,1,0.999996275712781,0.0,0.0
158,3,0.999996275712781,2.667431675762444e-06,-2.939298959780956e-08
158,5,0.999996275712781,0.00025459550830075894,1.8843856512962276e-06
159,1,0.9999967548083508,0.0,0.0
159,3,0.9999967548083508,-2.0588813987032495e-09,3.3630344210555663e-06
159,5,0.9999967548083508,3.282463395537505e-07,2.1958564910828926e-07
160,1,0.9999966201542628,0.0,0.0
160,3,0.9999966201542628,1.4976615265727133e-06,0.0
160,5,0.9999966201542628,1.911578743829523e-05,2.493460567021266e-06
161,1,0.999996726323416,0.0,0.0
161,3,0.999996726323416,-1.0095563496292925e-08,1.0102189196281586e-07
161,5,0.999996726323416,1.1774891038873747e-05,2.9709358217999693e-07
162,1,0.9999967749090448,0.0,0.0
162,3,0.9999967749090448,1.1470487593090439e-07,1.3541522336790734e-07
162,5,0.9999967749090448,2.2978088098923877e-08,1.41822128718605e-06
163,1,0.9999967749090448,0.0,0.8705155567788276
163,3,0.9999967749090448,0.0,1.1777963904391342e-05
163,5,0.9999967749090448,2.2978088098923877e-08,1.8430095910071387e-05
164,1,0.9999967749090448,0.0,0.0
164,3,0.9999967749090448,2.2978088098923877e-08,0.915439272407222
164,5,0.9999967749090448,2.2978088098923877e-08,1.4139382009670243e-07
165,1,0.9999967533700984,0.0,6.885984995541605e-07
165,3,0.9999967533700984,-2.0597940020294914e-09,0.0
165,5,0.9999967533700984,2.0506458173752407e-06,6.885984995541605e-07
166,1,0.9999967749090448,2.2978088098923877e-08,0.0
166,3,0.9999967749090448,2.2978088098923877e-08,1.0036659933154723e-06
166,5,0.9999967749090448,2.2978088098923877e-08,4.020098725021626e-06
167,1,0.9999967335761145,0.0,0.0
167,3,0.9999967335761145,1.4474027999478167e-06,0.0
167,5,0.9999967335761145,1.8611382980204816e-05,3.965368977620898e-08
168,1,0.9999967749090448,0.0,0.0
168,3,0.9999967749090448,0.0,0.8705155567788276
168,5,0.9999967749090448,2.2978088098923877e-08,0.0
169,1,0.9999967548020947,1.3226337691740753e-08,0.0
169,3,0.9999967548020947,1.3226337691740753e-08,0.0
169,5,0.9999967548020947,1.5548273107901522e-06,3.7185307433240666e-06
170,1,0.9999967548020947,1.3226337691740753e-08,0.0
170,3,0.9999967548020947,1.3226337691740753e-08,-2.0588855065284406e-09
170,5,0.9999967548020947,1.5548273107901522e-06,0.016142092948980946
171,1,0.9999966509991708,0.0,0.0
171,3,0.9999966509991708,1.4886212675868649e-06,0.0
171,5,0.9999966509991708,1.954695127370787e-05,0.9655728720708479
172,1,0.9999967749090448,2.2978088098923877e-08,2.2978088098923877e-08
172,3,0.9999967749090448,2.2978088098923877e-08,3.558914220991305e-06
172,5,0.9999967749090448,2.2978088098923877e-08,2.7047843509375724e-07
173,1,0.9999967749090448,0.0,0.0
173,3,0.9999967749090448,2.2978088098923877e-08,0.0
173,5,0.9999967749090448,2.2978088098923877e-08,1.4139382009670243e-07
174,1,0.9999967335761145,0.0,0.0
174,3,0.9999967335761145,1.4474027999478167e-06,0.0
174,5,0.9999967335761145,1.8611382980204816e-05,0.9954013847072382
175,1,0.9999967343471164,0.0,0.0
175,3,0.9999967343471164,-2.0718630144855865e-09,3.325988321423168e-07
175,5,0.9999967343471164,1.1782914739355554e-05,7.764765610485114e-06
176,1,0.9999967749028273,2.2978132285800257e-08,0.0
176,3,0.9999967749028273,2.2978132285800257e-08,0.0
176,5,0.9999967749028273,1.5596829178177174e-06,0.0003316837089044622
177,1,0.9999904470988643,0.04235711352062699,0.0
177,3,0.9999904470988643,0.9996936656436163,2.5777270984406186e-08
177,5,0.9999904470988643,0.9090982753415601,0.00035280673857984723
178,1,0.9999967749090448,2.2978088098923877e-08,0.0
178,3,0.9999967749090448,2.2978088098923877e-08,0.0
178,5,0.9999967749090448,2.2978088098923877e-08,5.57743855755799e-06
179,1,0.9999967343471164,0.0,-3.8514500699804444e-08
179,3,0.9999967343471164,1.44706115878801e-06,1.1792468110560783e-05
179,5,0.9999967343471164,1.8469944015553352e-05,-3.8514500699804444e-08
180,1,0.9999967749090448,1.1470487593090439e-07,3.346674556370388e-07
180,3,0.9999967749090448,3.364319078880129e-07,0.0
180,5,0.9999967749090448,3.364319078880129e-07,2.2041150826712652e-07
181,1,0.9999967749090448,2.2978088098923877e-08,0.0
181,3,0.9999967749090448,2.2978088098923877e-08,2.2041150826712652e-07
181,5,0.9999967749090448,2.2978088098923877e-08,0.0
182,1,0.9999967749090448,2.2978088098923877e-08,0.0
182,3,0.9999967749090448,2.2978088098923877e-08,0.002739681056611154
182,5,0.9999967749090448,2.2978088098923877e-08,0.0
183,1,0.9999967113499274,0.0,6.035524491299071e-08
183,3,0.9999967113499274,1.4617956564100254e-06,0.0
183,5,0.9999967113499274,1.862096686167103e-05,3.6338654552103833e-07
184,1,0.999996726323416,0.0,0.0
184,3,0.999996726323416,-1.0095563496292925e-08,1.5608493408869606e-07
184,5,0.999996726323416,1.1774891038873747e-05,5.195598486995578e-07
185,1,0.9999965576533673,0.0,0.0
185,3,0.9999965576533673,1.5261145922540464e-06,5.142781870470792e-06
185,5,0.9999965576533673,3.2128244118245775e-05,0.00024447269697125407
186,1,0.9999967533763573,0.0,3.5162807299204957e-07
186,3,0.9999967533763573,-2.059790116248905e-09,0.0
186,5,0.9999967533763573,3.4934519665963393e-07,0.0
187,1,0.9999967749090448,2.2978088098923877e-08,2.7047843509375724e-07
187,3,0.9999967749090448,2.2978088098923877e-08,0.0
187,5,0.9999967749090448,2.2978088098923877e-08,0.0
188,1,0.9999967548083508,1.3226312045588884e-08,0.0
188,3,0.9999967548083508,1.3226312045588884e-08,0.0
188,5,0.9999967548083508,1.3226312045588884e-08,0.016502956274381253
189,1,0.9999967343471164,0.0,0.0
189,3,0.9999967343471164,1.44706115878801e-06,0.9863699272124794
189,5,0.9999967343471164,1.8469944015553352e-05,0.9561951129734897
190,1,0.9999967343471164,0.0,0.0
190,3,0.9999967343471164,-2.0718630144855865e-09,2.9636541587496623e-07
190,5,0.9999967343471164,1.1782914739355554e-05,1.7984957989547468e-07
191,1,0.9999967548944172,0.0,0.0
191,3,0.9999967548944172,3.290206159745068e-07,0.0
191,5,0.9999967548944172,2.0780029035161185e-05,0.0
192,1,0.9999965487007217,0.0,0.0
192,3,0.9999965487007217,0.0,0.0
192,5,0.9999965487007217,1.2462837689630746e-05,-5.7345865944746777e-08
193,1,0.9999967749090448,2.2978088098923877e-08,0.0
193,3,0.9999967749090448,2.2978088098923877e-08,-8.471713441871032e-09
193,5,0.9999967749090448,2.2978088098923877e-08,0.0
194,1,0.9999967533763573,0.0,3.283815754206998e-06
194,3,0.9999967533763573,-2.059790116248905e-09,-2.059790116248905e-09
194,5,0.9999967533763573,3.4934519665963393e-07,0.0
195,1,0.9999967548083508,0.0,1.1812929344934275e-05
195,3,0.9999967548083508,1.3226312045588884e-08,3.3051491232782837e-07
195,5,0.9999967548083508,1.8578994248175107e-05,5.868990111679295e-07
196,1,0.9999967325055674,0.0,-3.403228221454668e-08
196,3,0.9999967325055674,-8.459302036634142e-09,4.578044540126669e-07
196,5,0.9999967325055674,1.1854861395432792e-05,0.36932312598676
197,1,0.9999966203646224,0.0,0.0
197,3,0.9999966203646224,4.2768819473959496e-05,1.2142960126304558e-07
197,5,0.9999966203646224,0.0003759831550659287,1.7732980496232287e-06
198,1,0.9999967548083508,0.0,-2.0588813987032495e-09
198,3,0.9999967548083508,1.3226312045588884e-08,1.3226312045588884e-08
198,5,0.9999967548083508,1.8578994248175107e-05,3.282463395537505e-07
199,1,0.9999967548083508,0.0,0.9977932095186912
199,3,0.9999967548083508,1.3226312045588884e-08,0.0
199,5,0.9999967548083508,1.8578994248175107e-05,3.3051491232782837e-07
200,1,0.9999967749090448,2.2978088098923877e-08,0.0
200,3,0.9999967749090448,2.2978088098923877e-08,2.7047843509375724e-07
200,5,0.9999967749090448,2.2978088098923877e-08,0.0
201,1,0.9999967749090448,0.0,0.0
201,3,0.9999967749090448,2.2978088098923877e-08,0.0
201,5,0.9999967749090448,2.2978088098923877e-08,0.9900588561023639
202,1,0.9999967749090448,2.2978088098923877e-08,0.0
202,3,0.9999967749090448,2.2978088098923877e-08,0.0
202,5,0.9999967749090448,2.2978088098923877e-08,1.2490723677593962e-07
203,1,0.9999967548083508,0.0,0.0
203,3,0.9999967548083508,-2.0588813987032495e-09,0.0
203,5,0.9999967548083508,3.282463395537505e-07,4.574544776647649e-06
204,1,0.9999967533763573,0.0,-2.059790116248905e-09
204,3,0.9999967533763573,1.3232148265984733e-08,0.0
204,5,0.9999967533763573,6.151576400492687e-07,3.368569867490123e-07
205,1,0.9999967533763573,0.0,0.0
205,3,0.9999967533763573,1.0529179772511554e-07,0.0
205,5,0.9999967533763573,1.0316520659969797e-07,4.5311977248108093e-07
206,1,0.9999967749090448,0.0,0.0
206,3,0.9999967749090448,2.2978088098923877e-08,1.1777963904391342e-05
206,5,0.9999967749090448,2.2978088098923877e-08,0.9925219084009934
207,1,0.9999967533763573,0.0,-1.9485259850071657e-08
207,3,0.9999967533763573,1.0529179772511554e-07,0.0
207,5,0.9999967533763573,1.919387434945463e-05,0.0
208,1,0.9999967749090448,2.2978088098923877e-08,9.805061210732546e-07
208,3,0.9999967749090448,2.2978088098923877e-08,0.0
208,5,0.9999967749090448,2.2978088098923877e-08,0.0
209,1,0.999996726323416,0.0,3.270636819152628e-07
209,3,0.999996726323416,-1.0095563496292925e-08,1.6038306797083735e-06
209,5,0.999996726323416,1.1774891038873747e-05,7.045657663962146e-07
210,1,0.9999967749090448,1.1470487593090439e-07,3.558914220991305e-06
210,3,0.9999967749090448,1.1470487593090439e-07,-1.0478992285012367e-07
210,5,0.9999967749090448,2.2978088098923877e-08,2.2978088098923877e-08
211,1,0.9999962894520892,0.0,0.0
211,3,0.9999962894520892,1.6520485206505953e-06,2.4636858075854917e-07
211,5,0.9999962894520892,3.4101601171454554e-05,-2.272898916855226e-07
212,1,0.9999967749090448,0.0,0.0
212,3,0.9999967749090448,1.1470487593090439e-07,0.0
212,5,0.9999967749090448,2.2978088098923877e-08,2.464276604996485e-07
213,1,0.9999967548083508,0.0,0.0
213,3,0.9999967548083508,-2.0588813987032495e-09,0.0
213,5,0.9999967548083508,1.1803375973729047e-05,0.0
214,1,0.9999967548020947,1.3226337691740753e-08,0.0
214,3,0.9999967548020947,1.3226337691740753e-08,0.0
214,5,0.9999967548020947,1.5548273107901522e-06,3.0894196949571295e-06
215,1,0.999996726323416,0.0,0.0
215,3,0.999996726323416,1.4506165670891136e-06,3.206690685209068e-07
215,5,0.999996726323416,1.8515327267709658e-05,1.1821444256265856e-05
216,1,0.9999967279478779,0.0,3.2868814381359357e-07
216,3,0.9999967279478779,-8.47110159796216e-09,1.0611647016656178e-07
216,5,0.9999967279478779,1.1776515500772078e-05,3.332505766895366e-07
217,1,0.9999967468349236,0.0,0.0
217,3,0.9999967468349236,-1.003230865048721e-08,2.116122218565053e-07
217,5,0.9999967468349236,1.8468642131286295e-05,1.8624882986428837e-05
218,1,0.9999967749028273,2.2978132285800257e-08,0.0
218,3,0.9999967749028273,2.2978132285800257e-08,1.5258335970269599e-06
218,5,0.9999967749028273,1.5596829178177174e-06,1.5258335970269599e-06
219,1,0.9999966203646224,0.0,0.0
219,3,0.9999966203646224,4.2768819473959496e-05,0.0
219,5,0.9999966203646224,0.0003759831550659287,1.8654764001646562e-05
220,1,0.9999967749090448,0.0,0.0
220,3,0.9999967749090448,8.53153248048244e-08,0.0
220,5,0.9999967749090448,2.2978088098923877e-08,0.9925138700079457
221,1,0.9999967113499274,0.0,0.0
221,3,0.9999967113499274,0.0,0.0
221,5,0.9999967113499274,1.187551107739715e-05,0.4457080385512042
222,1,0.9999967533763573,0.0,0.0
222,3,0.9999967533763573,-2.059790116248905e-09,0.0
222,5,0.9999967533763573,3.4934519665963393e-07,2.1968254448889724e-07
223,1,0.9999966201542628,0.0,0.0
223,3,0.9999966201542628,1.4976615265727133e-06,-1.2349504863173877e-07
223,5,0.9999966201542628,1.911578743829523e-05,0.0
224,1,0.9999967548944172,0.0,0.0
224,3,0.9999967548944172,3.290206159745068e-07,1.441564174475829e-06
224,5,0.9999967548944172,2.0773103823312766e-05,1.185100847733711e-05
225,1,0.9999896777468112,0.04561275013411681,1.1072281764779035e-05
225,3,0.9999896777468112,0.9996928962915632,0.0
225,5,0.9999896777468112,0.909097505989507,1.6306616541728047e-05
226,1,0.999996732110728,0.0,0.0
226,3,0.999996732110728,1.4487718096312108e-06,1.4487718096312108e-06
226,5,0.999996732110728,2.7432641346969433e-05,3.464195404978554e-07
227,1,0.9999967071841003,0.0,0.0
227,3,0.9999967071841003,1.4660624390039345e-06,-5.471255692945931e-08
227,5,0.9999967071841003,3.649111847325859e-05,2.6687696809801764e-05
228,1,0.9999967279478779,0.0,-3.858997177363932e-08
228,3,0.9999967279478779,-8.47110159796216e-09,0.5253492791366952
228,5,0.9999967279478779,1.1776515500772078e-05,0.0
229,1,0.9999967548944172,0.0,0.0
229,3,0.9999967548944172,3.290206159745068e-07,3.290206159745068e-07
229,5,0.9999967548944172,2.0773103823312766e-05,3.290206159745068e-07
230,1,0.9999967749090448,2.2978088098923877e-08,0.0
230,3,0.9999967749090448,2.2978088098923877e-08,0.0
230,5,0.9999967749090448,2.2978088098923877e-08,4.947618248363206e-05
231,1,0.9999967749090448,2.2978088098923877e-08,0.0
231,3,0.9999967749090448,2.2978088098923877e-08,2.2978088098923877e-08
231,5,0.9999967749090448,2.2978088098923877e-08,0.0
232,1,0.9999967749090448,0.0,0.0
232,3,0.9999967749090448,1.1470487593090439e-07,1.428903303901663e-06
232,5,0.9999967749090448,2.2978088098923877e-08,0.0
233,1,0.9999967749090448,2.2978088098923877e-08,0.0
233,3,0.9999967749090448,2.2978088098923877e-08,0.0
233,5,0.9999967749090448,2.2978088098923877e-08,0.002739681056611154
234,1,0.9999967749090448,0.0,0.0
234,3,0.9999967749090448,0.0,0.0
234,5,0.9999967749090448,2.2978088098923877e-08,1.177791687589913e-05
235,1,0.9999967749090448,1.1470487593090439e-07,3.346674556370388e-07
235,3,0.9999967749090448,3.364319078880129e-07,2.2041150826712652e-07
235,5,0.9999967749090448,3.364319078880129e-07,0.0
236,1,0.9999967749090448,1.1470487593090439e-07,0.0
236,3,0.9999967749090448,3.364319078880129e-07,0.0
236,5,0.9999967749090448,3.364319078880129e-07,1.7382160066858887e-06
237,1,0.9999967749090448,1.1470487593090439e-07,0.0
237,3,0.9999967749090448,1.1470487593090439e-07,0.0
237,5,0.9999967749090448,2.2978088098923877e-08,7.682425737787213e-07
238,1,0.9999967749090448,0.0,0.0
238,3,0.9999967749090448,1.1470487593090439e-07,0.7559603603696861
238,5,0.9999967749090448,2.2978088098923877e-08,3.346674556370388e-07
239,1,0.9999941555050625,0.0,0.0
239,3,0.9999941555050625,4.670482889324035e-10,-7.095424541248008e-07
239,5,0.9999941555050625,4.890700755133537e-05,3.2322412265584077e-06
240,1,0.9999966515586305,0.0,0.0
240,3,0.9999966515586305,1.488372590507936e-06,-2.9442446591865234e-08
240,5,0.9999966515586305,1.895951281505326e-05,2.619657841762546e-07
241,1,0.9999967749090448,0.0,0.0
241,3,0.9999967749090448,1.1470487593090439e-07,1.177791687589913e-05
241,5,0.9999967749090448,2.2978088098923877e-08,0.0
242,1,0.9999967548083508,0.0,0.0
242,3,0.9999967548083508,1.3226312045588884e-08,-2.0588813987032495e-09
242,5,0.9999967548083508,1.859328805831062e-05,0.0
243,1,0.9999967533700984,0.0,0.0
243,3,0.9999967533700984,-2.0597940020294914e-09,3.3690254275242637e-07
243,5,0.9999967533700984,2.0506458173752407e-06,4.017873182382559e-06
244,1,0.9999967749090448,2.2978088098923877e-08,0.0
244,3,0.9999967749090448,2.2978088098923877e-08,2.2978088098923877e-08
244,5,0.9999967749090448,2.2978088098923877e-08,0.940653703509195
245,1,0.9999967749090448,0.0,0.9250736411566944
245,3,0.9999967749090448,1.1470487593090439e-07,2.2041150826712652e-07
245,5,0.9999967749090448,2.2978088098923877e-08,0.0
246,1,0.9999967749090448,1.1470487593090439e-07,0.0
246,3,0.9999967749090448,3.364319078880129e-07,1.2490723677593962e-07
246,5,0.9999967749090448,3.364319078880129e-07,2.409710929685005e-07
247,1,0.9999967351969773,0.0,5.560086369094108e-08
247,3,0.9999967351969773,1.4511957602270087e-06,0.0
247,5,0.9999967351969773,1.8623084806601575e-05,-8.303141618704046e-09
248,1,0.9999967548083508,0.0,0.0
248,3,0.9999967548083508,-2.0588813987032495e-09,0.0
248,5,0.9999967548083508,3.282463395537505e-07,5.92309779889888e-07
249,1,0.9999967749090448,0.0,0.0
249,3,0.9999967749090448,8.53153248048244e-08,0.0
249,5,0.9999967749090448,2.2978088098923877e-08,1.3622805286050976e-06
250,1,0.9999967749090448,1.1470487593090439e-07,0.0
250,3,0.9999967749090448,3.364319078880129e-07,0.0
250,5,0.9999967749090448,3.364319078880129e-07,-8.471713441871032e-09
251,1,0.9999967548083508,0.0,0.0
251,3,0.9999967548083508,-2.0588813987032495e-09,1.4378090414934874e-06
251,5,0.9999967548083508,1.1803375973729047e-05,0.2700582944593858
252,1,0.9999941157057969,0.6753511057513524,0.0
252,3,0.9999941157057969,0.9999073591650547,3.244802991853035e-07
252,5,0.9999941157057969,0.9815224928049754,0.0023708774014595813
253,1,0.9999967343471164,0.0,0.0
253,3,0.9999967343471164,-2.0718630144855865e-09,-3.8514500699804444e-08
253,5,0.9999967343471164,1.1782914739355554e-05,1.44706115878801e-06
254,1,0.9999967749090448,1.1470487593090439e-07,0.0
254,3,0.9999967749090448,1.1470487593090439e-07,2.7047843509375724e-07
254,5,0.9999967749090448,2.2978088098923877e-08,5.3617462254518244e-06
255,1,0.9999967749090448,2.2978088098923877e-08,0.0
255,3,0.9999967749090448,2.2978088098923877e-08,0.0
255,5,0.9999967749090448,2.2978088098923877e-08,9.805061210732546e-07
256,1,0.9999967749090448,1.1470487593090439e-07,0.0
256,3,0.9999967749090448,1.1470487593090439e-07,0.0
256,5,0.9999967749090448,2.2978088098923877e-08,0.0
257,1,0.9999967533763573,0.0,0.0
257,3,0.9999967533763573,1.0529179772511554e-07,0.0
257,5,0.9999967533763573,1.0316520659969797e-07,2.8541980545693235e-07
258,1,0.9999967335761145,0.0,0.0
258,3,0.9999967335761145,1.4474027999478167e-06,0.09519816628172872
258,5,0.9999967335761145,1.8611382980204816e-05,0.0
259,1,0.9999967749090448,2.2978088098923877e-08,0.0
259,3,0.9999967749090448,2.2978088098923877e-08,2.070188284597485e-05
259,5,0.9999967749090448,2.2978088098923877e-08,0.0
260,1,0.9999967749090448,0.0,0.0
260,3,0.9999967749090448,1.1470487593090439e-07,0.0
260,5,0.9999967749090448,2.2978088098923877e-08,1.6743005821107104e-05
261,1,0.9999967533763573,0.0,0.0
261,3,0.9999967533763573,-2.059790116248905e-09,1.1723387260964557e-08
261,5,0.9999967533763573,3.4934519665963393e-07,3.15394656724699e-07
262,1,0.9999966435290663,0.0,0.0
262,3,0.9999966435290663,2.573155886798073e-05,2.391413944646814e-08
262,5,0.9999966435290663,0.0002124577347265566,1.255492609797404e-05
263,1,0.9999967548083508,0.0,0.0
263,3,0.9999967548083508,-2.0588813987032495e-09,0.0
263,5,0.9999967548083508,3.282463395537505e-07,2.4892710633883652e-06
264,1,0.9999966534747728,0.0,0.0
264,3,0.9999966534747728,1.951153598822586e-05,-9.328140093689541e-08
264,5,0.9999966534747728,0.0001664430558634411,0.0
265,1,0.9999967749090448,0.0,0.0
265,3,0.9999967749090448,2.2978088098923877e-08,1.3541522336790734e-07
265,5,0.9999967749090448,2.2978088098923877e-08,5.73092897582228e-07
266,1,0.9999967659932664,0.0,0.0
266,3,0.9999967659932664,0.0,0.0
266,5,0.9999967659932664,1.8498634405728076e-05,8.555117858577432e-08
267,1,2.0017576479184953e-05,-2.9751428983926005e-05,0.0
267,3,2.0017576479184953e-05,-0.004772891001041579,5.771177044514877e-06
267,5,2.0017576479184953e-05,-0.01117277877026163,-9.179205773180177e-06
268,1,0.9999967659932664,0.0,0.0
268,3,0.9999967659932664,0.0,8.555117858577432e-08
268,5,0.9999967659932664,1.8498634405728076e-05,3.355926421200195e-07
269,1,0.9999967659932664,0.0,0.0
269,3,0.9999967659932664,0.0,0.0
269,5,0.9999967659932664,1.8498634405728076e-05,0.9979809805037431
270,1,0.9999967749090448,0.0,0.0
270,3,0.9999967749090448,1.1470487593090439e-07,0.0
270,5,0.9999967749090448,2.2978088098923877e-08,1.3585676322813711e-06
271,1,0.9999967533763573,0.0,0.0
271,3,0.9999967533763573,-2.059790116248905e-09,0.0
271,5,0.9999967533763573,3.4934519665963393e-07,1.9778516454627137e-06
272,1,0.999996620205239,0.0,0.0
272,3,0.999996620205239,4.4658909987282946e-05,1.150614002076722e-06
272,5,0.999996620205239,0.00039105688126550575,0.992521777318291
273,1,0.9999967749090448,0.0,0.0
273,3,0.9999967749090448,1.1470487593090439e-07,1.428903303901663e-06
273,5,0.9999967749090448,2.2978088098923877e-08,3.346674556370388e-07
274,1,0.9999967749090448,1.1470487593090439e-07,0.0
274,3,0.9999967749090448,1.1470487593090439e-07,2.7047843509375724e-07
274,5,0.9999967749090448,1.1302564059123554e-06,9.805061210732546e-07
275,1,0.9999947539801475,0.0,0.0
275,3,0.9999947539801475,4.192228786337182e-10,1.2558989177957613e-05
275,5,0.9999947539801475,4.389918611547028e-05,0.5852107826951484
276,1,0.9999967749090448,1.1470487593090439e-07,0.0
276,3,0.9999967749090448,3.364319078880129e-07,2.7047843509375724e-07
276,5,0.9999967749090448,3.364319078880129e-07,0.0
277,1,0.9999967749090448,0.0,0.0
277,3,0.9999967749090448,1.1470487593090439e-07,1.1470487593090439e-07
277,5,0.9999967749090448,2.2978088098923877e-08,1.428903303901663e-06
278,1,0.9999967533763573,0.0,0.0
278,3,0.9999967533763573,1.0529179772511554e-07,3.888305802890457e-06
278,5,0.9999967533763573,9.878373042893074e-07,-2.059790116248905e-09
279,1,0.9999967749090448,0.0,1.1470487593090439e-07
279,3,0.9999967749090448,1.1470487593090439e-07,0.0
279,5,0.9999967749090448,2.2978088098923877e-08,0.929171962673959
280,1,0.9999967533763573,0.0,1.3161185696830557e-08
280,3,0.9999967533763573,-2.059790116248905e-09,0.0
280,5,0.9999967533763573,3.4934519665963393e-07,-1.9485259850071657e-08
281,1,0.9999967533700984,0.0,0.0
281,3,0.9999967533700984,-2.0597940020294914e-09,0.0
281,5,0.9999967533700984,2.0506458173752407e-06,0.15176937651890976
282,1,0.9999967749090448,2.2978088098923877e-08,0.0
282,3,0.9999967749090448,2.2978088098923877e-08,2.4969352585557658e-08
282,5,0.9999967749090448,2.2978088098923877e-08,2.2978088098923877e-08
283,1,0.9999961528440425,0.0,0.0
283,3,0.9999961528440425,1.712870230097252e-06,1.712870230097252e-06
283,5,0.9999961528440425,3.5357041231920405e-05,8.838165326263692e-07
284,1,0.9999967749090448,1.1470487593090439e-07,3.346674556370388e-07
284,3,0.9999967749090448,3.364319078880129e-07,2.4702621104211175e-07
284,5,0.9999967749090448,3.364319078880129e-07,0.0
285,1,0.9999967749090448,0.0,1.177791687589913e-05
285,3,0.9999967749090448,2.2978088098923877e-08,2.2978088098923877e-08
285,5,0.9999967749090448,2.2978088098923877e-08,2.2041150826712652e-07
286,1,0.9999967749090448,2.2978088098923877e-08,0.0
286,3,0.9999967749090448,2.2978088098923877e-08,2.2041150826712652e-07
286,5,0.9999967749090448,2.2978088098923877e-08,0.9450759247948951
287,1,0.9999965487007217,0.0,-6.335912161592461e-08
287,3,0.9999965487007217,0.0,1.1020411307738343e-05
287,5,0.9999965487007217,1.2462837689630746e-05,-1.834506169196004e-07
288,1,0.9999966534747728,0.0,0.0
288,3,0.9999966534747728,1.951153598822586e-05,0.9922515070205072
288,5,0.9999966534747728,0.0001664430558634411,0.0
289,1,0.9999967749090448,0.0,0.0
289,3,0.9999967749090448,0.0,0.0
289,5,0.9999967749090448,2.2978088098923877e-08,0.0
290,1,0.9999967749090448,0.0,1.1470487593090439e-07
290,3,0.9999967749090448,1.1470487593090439e-07,0.0
290,5,0.9999967749090448,2.2978088098923877e-08,-1.0478992285012367e-07
291,1,0.9999967749090448,0.0,0.0
291,3,0.9999967749090448,1.1470487593090439e-07,0.0
291,5,0.9999967749090448,2.2978088098923877e-08,0.0
292,1,0.9999967533763573,0.0,0.0
292,3,0.9999967533763573,1.0529179772511554e-07,2.1968254448889724e-07
292,5,0.9999967533763573,1.919387434945463e-05,0.9854070769477727
293,1,0.9999967484492072,0.0,0.0
293,3,0.9999967484492072,1.440812334108088e-06,0.9994433644023105
293,5,0.9999967484492072,1.8526637496019127e-05,1.1836077124849353e-05
294,1,0.9999967749090448,1.1470487593090439e-07,0.0
294,3,0.9999967749090448,3.364319078880129e-07,0.0
294,5,0.9999967749090448,3.364319078880129e-07,3.346674556370388e-07
295,1,0.9999967343471164,0.0,0.0
295,3,0.9999967343471164,-2.0718630144855865e-09,0.0
295,5,0.9999967343471164,1.1782914739355554e-05,0.370150116832451
296,1,0.9999967343471164,0.0,0.0
296,3,0.9999967343471164,-2.0718630144855865e-09,1.0624572000295096e-05
296,5,0.9999967343471164,1.1782914739355554e-05,1.4468745183071618e-06
297,1,0.9999924323525922,0.0,0.0
297,3,0.9999924323525922,7.622771280857421e-08,0.0
297,5,0.9999924323525922,5.3491380034076386e-05,-5.972550431998513e-08
298,1,0.9999967533763573,0.0,0.0
298,3,0.9999967533763573,-2.059790116248905e-09,3.5162807299204957e-07
298,5,0.9999967533763573,3.4934519665963393e-07,0.0
299,1,0.9999967749090448,1.1470487593090439e-07,0.0
299,3,0.9999967749090448,3.364319078880129e-07,2.4577817867577068e-06
299,5,0.9999967749090448,3.364319078880129e-07,3.346674556370388e-07
300,1,0.9999967749090448,0.0,0.0
300,3,0.9999967749090448,0.0,0.0
300,5,0.9999967749090448,2.2978088098923877e-08,0.970214719777756
301,1,0.9999967749090448,0.0,0.0
301,3,0.9999967749090448,2.2978088098923877e-08,0.0
301,5,0.9999967749090448,2.2978088098923877e-08,0.0
302,1,0.9999967749090448,2.2978088098923877e-08,0.0
302,3,0.9999967749090448,2.2978088098923877e-08,0.017223085962268403
302,5,0.9999967749090448,2.2978088098923877e-08,3.5589354864251632e-06
303,1,0.9999967749090448,1.1470487593090439e-07,3.777790053249852e-05
303,3,0.9999967749090448,3.364319078880129e-07,2.2041150826712652e-07
303,5,0.9999967749090448,3.364319078880129e-07,0.002348626230696871
304,1,0.9999967279478779,0.0,-3.858997177363932e-08
304,3,0.9999967279478779,1.4498967465526036e-06,0.9405918643155754
304,5,0.9999967279478779,1.8506136166718257e-05,3.332505766895366e-07
305,1,0.9999967533700984,1.0529200067388444e-07,0.0
305,3,0.9999967533700984,1.0529200067388444e-07,1.0529200067388444e-07
305,5,0.9999967533700984,4.5306715079629356e-07,0.0
306,1,0.9999967749090448,1.1470487593090439e-07,0.0
306,3,0.9999967749090448,1.1470487593090439e-07,0.00019671447975810885
306,5,0.9999967749090448,2.2978088098923877e-08,3.558914220991305e-06
307,1,0.9999967749090448,1.1470487593090439e-07,0.0
307,3,0.9999967749090448,3.364319078880129e-07,8.171617871355341e-05
307,5,0.9999967749090448,3.364319078880129e-07,5.856814843108182e-07
308,1,0.9999966534747728,0.0,2.2890696405042377e-07
308,3,0.9999966534747728,1.951153598822586e-05,2.2890696405042377e-07
308,5,0.9999966534747728,0.0001664430558634411,8.567532782877141e-05
309,1,0.9999967749090448,0.0,0.0
309,3,0.9999967749090448,0.0,0.0
309,5,0.9999967749090448,2.2978088098923877e-08,1.2475046628379616e-05
310,1,0.9999966515586305,0.0,0.0
310,3,0.9999966515586305,1.488372590507936e-06,0.0
310,5,0.9999966515586305,1.895951281505326e-05,1.1042019383289414e-06
311,1,0.999996726323416,0.0,0.0
311,3,0.999996726323416,1.4506165670891136e-06,0.0
311,5,0.999996726323416,1.8515323629397784e-05,3.397091646872852e-07
312,1,0.9999967351969773,0.0,0.0
312,3,0.9999967351969773,1.4511957602270087e-06,1.214237989488609e-05
312,5,0.9999967351969773,1.8623084806601575e-05,0.0
313,1,0.9999955798695458,0.019963291883284495,4.684012851474684e-06
313,3,0.9999955798695458,0.9996732515063288,5.707235199658989e-06
313,5,0.9999955798695458,0.9079736084485984,2.906212269393471e-06
314,1,0.9999967533763573,1.0529179772511554e-07,0.0
314,3,0.9999967533763573,1.0529179772511554e-07,3.367150677169306e-07
314,5,0.9999967533763573,4.530734096785949e-07,-2.1532687521919058e-08
315,1,0.9999967533763573,0.0,3.3690189316093466e-07
315,3,0.9999967533763573,-2.059790116248905e-09,0.0
315,5,0.9999967533763573,3.4934519665963393e-07,0.8562983075748017
316,1,0.9999967749090448,0.0,0.9250640662529643
316,3,0.9999967749090448,1.1470487593090439e-07,0.0
316,5,0.9999967749090448,2.2978088098923877e-08,4.612752046995183e-07
317,1,0.9999967749090448,2.2978088098923877e-08,3.346674556370388e-07
317,3,0.9999967749090448,2.2978088098923877e-08,2.2041150826712652e-07
317,5,0.9999967749090448,2.2978088098923877e-08,0.0
318,1,0.9999967548083508,0.0,2.1958564910828926e-07
318,3,0.9999967548083508,1.3226312045588884e-08,1.1018229810311198e-05
318,5,0.9999967548083508,1.6748447590808624e-05,1.4378090414934874e-06
319,1,0.9999966534747728,0.0,1.7557231343223734e-06
319,3,0.9999966534747728,1.951153598822586e-05,1.3858693675428135e-05
319,5,0.9999966534747728,0.0001664430558634411,1.2758506765186972e-05
320,1,0.9999967548083508,0.0,0.0
320,3,0.9999967548083508,1.3226312045588884e-08,0.0
320,5,0.9999967548083508,3.5130702691343885e-07,-2.0588813987032495e-09
321,1,0.9999967749090448,0.0,1.177791687589913e-05
321,3,0.9999967749090448,2.2978088098923877e-08,0.9250640662529643
321,5,0.9999967749090448,2.2978088098923877e-08,1.428903303901663e-06
322,1,0.9999967415820388,0.0,0.0
322,3,0.9999967415820388,1.4438552682349837e-06,0.0
322,5,0.9999967415820388,1.8565767936129518e-05,2.116329700374564e-07
323,1,0.9999966534747728,0.0,1.951153598822586e-05
323,3,0.9999966534747728,1.951153598822586e-05,0.0
323,5,0.9999966534747728,0.0001664430558634411,1.221970071008105e-05
324,1,0.9999965323195636,0.0,0.0
324,3,0.9999965323195636,1.50074762972352e-06,7.876289245256629e-07
324,5,0.9999965323195636,3.519989560119008e-05,0.9056801062660331
325,1,0.9999967749090448,1.1470487593090439e-07,0.0
325,3,0.9999967749090448,1.1470487593090439e-07,1.1470487593090439e-07
325,5,0.9999967749090448,1.1302564059123554e-06,7.985545996680443e-07
326,1,0.9999967749090448,1.1470487593090439e-07,0.0
326,3,0.9999967749090448,3.364319078880129e-07,0.0
326,5,0.9999967749090448,3.364319078880129e-07,-8.471713441871032e-09
327,1,0.9999967533763573,0.0,0.0
327,3,0.9999967533763573,-2.059790116248905e-09,2.1968254448889724e-07
327,5,0.9999967533763573,3.4934519665963393e-07,4.530734096785949e-07
328,1,0.9999967749090448,2.2978088098923877e-08,-8.471713441871032e-09
328,3,0.9999967749090448,2.2978088098923877e-08,0.0
328,5,0.9999967749090448,2.2978088098923877e-08,0.00825228494037622
329,1,0.9999967749090448,2.2978088098923877e-08,2.2041150826712652e-07
329,3,0.9999967749090448,2.2978088098923877e-08,3.346674556370388e-07
329,5,0.9999967749090448,2.2978088098923877e-08,-4.589406421562359e-08
330,1,0.9999967749090448,0.0,0.0
330,3,0.9999967749090448,2.2978088098923877e-08,0.0
330,5,0.9999967749090448,2.2978088098923877e-08,-1.0478992285012367e-07
331,1,0.9999967533763573,0.0,-2.059790116248905e-09
331,3,0.9999967533763573,-2.059790116248905e-09,3.3349221999490197e-06
331,5,0.9999967533763573,3.4934519665963393e-07,2.1968254448889724e-07
332,1,0.9999967749090448,2.2978088098923877e-08,0.0
332,3,0.9999967749090448,2.2978088098923877e-08,2.7047843509375724e-07
332,5,0.9999967749090448,2.2978088098923877e-08,3.346674556370388e-07
333,1,0.9999496391375651,0.0,0.002083630747585663
333,3,0.9999496391375651,0.0,6.768918304134175e-05
333,5,0.9999496391375651,0.002083630747585663,0.00016926398869210324
334,1,0.9999966284381802,0.0,-2.9645741306261186e-08
334,3,0.9999966284381802,1.493990813394852e-06,2.0693588553832853e-07
334,5,0.9999966284381802,1.9068936172317308e-05,1.2174908271656015e-05
335,1,0.9999956970598016,0.0,0.0
335,3,0.9999956970598016,3.438593854099281e-10,2.0422209012771475e-07
335,5,0.9999956970598016,2.2017962173159766e-05,4.784708612870503e-06
336,1,0.9999967749090448,0.0,0.0
336,3,0.9999967749090448,0.0,1.1470487593090439e-07
336,5,0.9999967749090448,2.2978088098923877e-08,4.612752046995183e-07
337,1,0.9999967749090448,1.1470487593090439e-07,0.0
337,3,0.9999967749090448,3.364319078880129e-07,1.1470487593090439e-07
337,5,0.9999967749090448,3.364319078880129e-07,0.0
338,1,0.9999967548083508,0.0,0.0
338,3,0.9999967548083508,-2.0588813987032495e-09,3.3051491232782837e-07
338,5,0.9999967548083508,1.1803375973729047e-05,7.060976070505376e-08
339,1,0.9999966201542628,0.0,0.0
339,3,0.9999966201542628,1.4976615265727133e-06,1.224683046086028e-07
339,5,0.9999966201542628,1.911578743829523e-05,1.4976615265727133e-06
340,1,0.9999967749090448,1.1470487593090439e-07,0.0
340,3,0.9999967749090448,1.1470487593090439e-07,0.0
340,5,0.9999967749090448,2.2978088098923877e-08,3.364319078880129e-07
341,1,0.9999967749090448,2.2978088098923877e-08,0.0
341,3,0.9999967749090448,2.2978088098923877e-08,0.0
341,5,0.9999967749090448,2.2978088098923877e-08,0.0
342,1,0.9999967749090448,1.1470487593090439e-07,0.0
342,3,0.9999967749090448,3.364319078880129e-07,3.3448186942397484e-07
342,5,0.9999967749090448,3.364319078880129e-07,3.346674556370388e-07
343,1,0.9999966534747728,0.0,1.951153598822586e-05
343,3,0.9999966534747728,1.951153598822586e-05,0.0
343,5,0.9999966534747728,0.0001664430558634411,0.9979808679852495
344,1,0.9999967749090448,0.0,0.0
344,3,0.9999967749090448,1.1470487593090439e-07,0.0
344,5,0.9999967749090448,2.2978088098923877e-08,0.0
345,1,0.9999967749090448,2.2978088098923877e-08,0.0
345,3,0.9999967749090448,2.2978088098923877e-08,0.0
345,5,0.9999967749090448,2.2978088098923877e-08,3.346674556370388e-07
346,1,0.9999967749090448,2.2978088098923877e-08,0.0
346,3,0.9999967749090448,2.2978088098923877e-08,2.2041150826712652e-07
346,5,0.9999967749090448,2.2978088098923877e-08,0.0
347,1,0.999996638249331,0.0,0.0
347,3,0.999996638249331,4.254250134427817e-05,0.0
347,5,0.999996638249331,0.00033757782892074317,1.7639139735514675e-06
348,1,0.999996711354335,0.0,0.0
348,3,0.999996711354335,1.4617936974214985e-06,1.0148381923702487e-07
348,5,0.999996711354335,1.9194683369305743e-05,9.040152537664881e-07
349,1,0.9999952509349452,0.0,0.0
349,3,0.9999952509349452,4.624123528529367e-09,0.9932235212654357
349,5,0.9999952509349452,2.4326659146312046e-05,1.1081222282438574e-05
350,1,0.9999963706813239,0.0,4.0753847263541587e-07
350,3,0.9999963706813239,1.5572833441668266e-06,0.7660420432054965
350,5,0.9999963706813239,3.622675271330866e-05,0.7660420432054965
351,1,0.9999967548083508,0.0,0.0
351,3,0.9999967548083508,1.3226312045588884e-08,2.1958564910828926e-07
351,5,0.9999967548083508,1.8578994248175107e-05,9.914718056780458e-06
352,1,0.9999967749090448,0.0,0.0
352,3,0.9999967749090448,1.1470487593090439e-07,0.0
352,5,0.9999967749090448,2.2978088098923877e-08,4.841346551431869e-07
353,1,0.9999967468349236,0.0,1.1841955763869372e-05
353,3,0.9999967468349236,-1.003230865048721e-08,0.0
353,5,0.9999967468349236,1.8468645758384916e-05,1.1590942894379452e-07
354,1,0.9999967749090448,1.1470487593090439e-07,0.0
354,3,0.9999967749090448,1.1470487593090439e-07,0.0
354,5,0.9999967749090448,2.2978088098923877e-08,2.7047843509375724e-07
355,1,0.9999967343471164,0.0,0.0
355,3,0.9999967343471164,-2.0718630144855865e-09,-2.0461234373492232e-08
355,5,0.9999967343471164,1.1782914739355554e-05,3.16292061541823e-07
356,1,0.9999967548083508,0.0,0.0
356,3,0.9999967548083508,1.3226312045588884e-08,0.0
356,5,0.9999967548083508,5.923933188434205e-07,4.625129316648824e-06
357,1,0.9999967749090448,1.1470487593090439e-07,0.0
357,3,0.9999967749090448,3.364319078880129e-07,0.0
357,5,0.9999967749090448,3.364319078880129e-07,0.0014322543499148965
358,1,0.9999967749090448,0.0,0.0
358,3,0.9999967749090448,2.2978088098923877e-08,1.4139382009670243e-07
358,5,0.9999967749090448,2.2978088098923877e-08,1.4139382009670243e-07
359,1,0.999996533677293,0.0,1.6338597141896116e-11
359,3,0.999996533677293,1.5433125940544912e-06,0.0
359,5,0.999996533677293,3.485463592312055e-05,0.0
360,1,0.9999967749090448,1.1470487593090439e-07,0.0
360,3,0.9999967749090448,3.364319078880129e-07,0.0
360,5,0.9999967749090448,3.364319078880129e-07,5.73092897582228e-07
361,1,0.9999956443854545,0.019814106976828838,4.651087545215482e-06
361,3,0.9999956443854545,0.9996720702222168,0.0
361,5,0.9999956443854545,0.9080410612704388,0.0063076665274516275
362,1,0.9999967548083508,0.0,-2.0588813987032495e-09
362,3,0.9999967548083508,1.3226312045588884e-08,3.367532959153152e-07
362,5,0.9999967548083508,1.8578994248175107e-05,1.1988051106248676e-06
363,1,0.9999966534747728,0.0,0.0
363,3,0.9999966534747728,1.951153598822586e-05,0.0
363,5,0.9999966534747728,0.0001664430558634411,0.9429627214243868
364,1,0.9999966058285291,0.0,5.780405110122899e-08
364,3,0.9999966058285291,1.5086993898627554e-06,5.780405110122899e-08
364,5,0.9999966058285291,1.8906087230097235e-05,2.5747071319415227e-07
365,1,0.9999966515586305,0.0,2.619657841762546e-07
365,3,0.9999966515586305,1.488372590507936e-06,-8.363834680391591e-08
365,5,0.9999966515586305,1.895951281505326e-05,6.175326434654238e-07
366,1,0.9999967749090448,2.2978088098923877e-08,0.0
366,3,0.9999967749090448,2.2978088098923877e-08,0.0
366,5,0.9999967749090448,2.2978088098923877e-08,5.070104347471016e-08
367,1,0.9999963519860637,0.0,1.3413155175667768e-05
367,3,0.9999963519860637,-1.5331000591256583e-07,6.083740592688347e-05
367,5,0.9999963519860637,2.4268377544989228e-05,0.0
368,1,0.9999967749090448,0.0,0.0
368,3,0.9999967749090448,8.53153248048244e-08,8.53153248048244e-08
368,5,0.9999967749090448,2.2978088098923877e-08,1.4139382009670243e-07
369,1,0.9999960827193218,0.0,0.0
369,3,0.9999960827193218,-1.7197349411190999e-07,1.2006974399403347e-05
369,5,0.9999960827193218,1.9049246981817092e-05,2.6295445743063084e-07
370,1,0.9999967533763573,0.0,3.5162807299204957e-07
370,3,0.9999967533763573,-2.059790116248905e-09,0.27846820730092603
370,5,0.9999967533763573,3.4934519665963393e-07,-1.9485259850071657e-08
371,1,0.9999954960042646,0.0,0.0
371,3,0.9999954960042646,3.59926199955396e-10,2.004096586460946e-06
371,5,0.9999954960042646,2.3046726469355683e-05,-1.583575447439145e-07
372,1,0.9999967343471164,0.0,3.325988321423168e-07
372,3,0.9999967343471164,1.44706115878801e-06,0.898194700435618
372,5,0.9999967343471164,1.8469944015553352e-05,1.391480368262421e-06
373,1,0.999996726323416,0.0,0.0
373,3,0.999996726323416,1.4506165670891136e-06,1.1821441735393456e-05
373,5,0.999996726323416,1.8515323629397784e-05,9.539792134027891e-08
374,1,0.9999967533763573,0.0,0.0
374,3,0.9999967533763573,1.0529179772511554e-07,-1.431993523759445e-09
374,5,0.9999967533763573,1.919387434945463e-05,1.2299846448793339e-05
375,1,0.9999967415820388,0.0,2.2048060355217558e-07
375,3,0.9999967415820388,1.4438552682349837e-06,0.0
375,5,0.9999967415820388,1.8565767936129518e-05,0.0
376,1,0.9999967749090448,0.0,2.2041150826712652e-07
376,3,0.9999967749090448,1.1470487593090439e-07,1.3334757676952691e-05
376,5,0.9999967749090448,2.2978088098923877e-08,0.0
377,1,0.9999967343471164,0.0,2.2097015217603655e-07
377,3,0.9999967343471164,1.44706115878801e-06,2.2097015217603655e-07
377,5,0.9999967343471164,1.8469944015553352e-05,0.9788019554477866
378,1,0.9999966534747728,0.0,0.0
378,3,0.9999966534747728,1.951153598822586e-05,3.472686349592635e-07
378,5,0.9999966534747728,0.0001664430558634411,0.0
379,1,0.9999967362435964,0.0,0.0
379,3,0.9999967362435964,1.4531243228699253e-06,0.0
379,5,0.9999967362435964,3.2587123294014475e-05,0.00010058681625446653
380,1,0.9999967749090448,0.0,0.0
380,3,0.9999967749090448,2.2978088098923877e-08,0.0
380,5,0.9999967749090448,2.2978088098923877e-08,0.9925140024543778
381,1,0.9999967749090448,0.0,0.0
381,3,0.9999967749090448,8.53153248048244e-08,8.53153248048244e-08
381,5,0.9999967749090448,2.2978088098923877e-08,0.9925138700079457
382,1,0.9999967533763573,0.0,0.0
382,3,0.9999967533763573,1.0529179772511554e-07,1.0316520659969797e-07
382,5,0.9999967533763573,1.0316520659969797e-07,1.0529179772511554e-07
383,1,0.9999967533763573,0.0,0.0
383,3,0.9999967533763573,1.3232148265984733e-08,0.0
383,5,0.9999967533763573,3.025863870576018e-08,3.367150677169306e-07
384,1,0.9999967548083508,0.0,0.0
384,3,0.9999967548083508,-2.0588813987032495e-09,3.367084092653627e-07
384,5,0.9999967548083508,3.282463395537505e-07,2.8543374108735975e-07
385,1,0.9999967749090448,0.0,3.346674556370388e-07
385,3,0.9999967749090448,2.2978088098923877e-08,2.2041150826712652e-07
385,5,0.9999967749090448,2.2978088098923877e-08,0.9925140024543778
386,1,0.9999967343471164,0.0,1.4468745183071618e-06
386,3,0.9999967343471164,-2.0718630144855865e-09,1.0940121453861806e-05
386,5,0.9999967343471164,1.1782914739355554e-05,6.389446949306432e-07
387,1,0.9999967548944172,0.0,0.0
387,3,0.9999967548944172,3.290206159745068e-07,1.185100847733711e-05
387,5,0.9999967548944172,2.0773103823312766e-05,1.185100847733711e-05
388,1,0.9999967119037123,0.0,0.0
388,3,0.9999967119037123,1.4615495018688307e-06,-3.239408574717828e-08
388,5,0.9999967119037123,1.861783129486483e-05,2.1562303620381584e-07
389,1,0.9999967749090448,0.0,0.0
389,3,0.9999967749090448,1.1470487593090439e-07,0.0
389,5,0.9999967749090448,2.2978088098923877e-08,1.428903303901663e-06
390,1,0.999996726323416,0.0,1.0616915313566011e-07
390,3,0.999996726323416,1.4506165670891136e-06,0.0
390,5,0.999996726323416,1.8515323629397784e-05,9.574618020646852e-08
391,1,0.9999966198886386,0.0,0.0
391,3,0.9999966198886386,4.501697220260503e-05,4.501697220260503e-05
391,5,0.9999966198886386,0.0003910934988575754,-1.1854770765040712e-07
392,1,0.9999967335761145,0.0,0.0
392,3,0.9999967335761145,1.4474027999478167e-06,1.4474027999478167e-06
392,5,0.9999967335761145,1.8611382980204816e-05,5.805900129551844e-07
393,1,0.9999967749090448,0.0,0.0
393,3,0.9999967749090448,1.1470487593090439e-07,1.177791687589913e-05
393,5,0.9999967749090448,2.2978088098923877e-08,3.346674556370388e-07
394,1,0.9999967659932664,0.0,0.0
394,3,0.9999967659932664,0.0,1.4259135630023678e-06
394,5,0.9999967659932664,1.8498634405728076e-05,1.2649837220601867e-05
395,1,0.9999967548083508,0.0,0.0
395,3,0.9999967548083508,-2.0588813987032495e-09,3.3051491232782837e-07
395,5,0.9999967548083508,3.282463395537505e-07,3.3448076519615455e-07
396,1,0.9999925805043677,0.0,9.158123224217718e-07
396,3,0.9999925805043677,1.528460830346745e-06,0.00011434312074665165
396,5,0.9999925805043677,5.677060637199194e-05,6.88949122445992e-05
397,1,0.9999956970598016,0.0,0.19157004338265093
397,3,0.9999956970598016,3.438593854099281e-10,2.0422209012771475e-07
397,5,0.9999956970598016,2.2017962173159766e-05,-1.9586620247924458e-07
398,1,0.9999967533700984,0.0,3.789618258864813e-06
398,3,0.9999967533700984,-2.0597940020294914e-09,-1.9485297264587587e-08
398,5,0.9999967533700984,2.0506458173752407e-06,9.91192264043761e-07
399,1,0.9999967749090448,0.0,2.7047843509375724e-07
399,3,0.9999967749090448,1.1470487593090439e-07,0.0
399,5,0.9999967749090448,2.2978088098923877e-08,1.177791687589913e-05
400,1,6.66607191020776e-07,-2.0602349695820268e-05,0.0
400,3,6.66607191020776e-07,-0.07419720435048789,-2.583013024202552e-05
400,5,6.66607191020776e-07,-0.0033568116586324293,-3.4398189760096594e-08
401,1,2.805219391624053e-07,-7.487984345820477e-07,0.0
401,3,2.805219391624053e-07,-0.00020714943375474998,-2.47699042597867e-07
401,5,2.805219391624053e-07,-0.00020714943375474998,-8.962397336508771e-08
402,1,2.832681425717325e-07,-6.0425122287069344e-05,-4.401977497824065e-09
402,3,2.832681425717325e-07,-0.0001466123587428919,0.0
402,5,2.832681425717325e-07,-0.6091634650927914,-6.121928274476532e-08
403,1,2.726321643257637e-07,-0.974885770611363,0.0
403,3,2.726321643257637e-07,-0.9918957489000517,4.1402211318416215e-10
403,5,2.726321643257637e-07,-0.9999938659388191,-2.634760326233548e-13
404,1,2.805219391624053e-07,-7.487984345820477e-07,-1.4218480800393688e-06
404,3,2.805219391624053e-07,-0.00020714943375474998,0.0
404,5,2.805219391624053e-07,-0.00020714943375474998,-0.0027550617194641402
405,1,2.987822463133057e-07,-0.010970075837325698,-1.1743392620001798e-06
405,3,2.987822463133057e-07,-0.9993602357625483,2.5748771938013727e-08
405,5,2.987822463133057e-07,-0.9999745740096133,2.608516852435748e-08
406,1,2.8884373780658335e-07,-0.0002874918444461572,0.0
406,3,2.8884373780658335e-07,-0.031522055391237896,-0.0005877915024377847
406,5,2.8884373780658335e-07,-0.08065386368530997,-1.421384910933662e-05
407,1,2.805219391624053e-07,-7.487984345820477e-07,0.0
407,3,2.805219391624053e-07,-0.00020714943375474998,5.465195973778347e-10
407,5,2.805219391624053e-07,-0.00020714943375474998,0.0
408,1,2.805176685612712e-07,-1.2384543537362443e-07,0.0
408,3,2.805176685612712e-07,-3.8890222417594076e-05,0.0
408,5,2.805176685612712e-07,-8.028032540897652e-05,-1.2735591182925038e-07
409,1,2.805219391624053e-07,-8.536111016906901e-08,0.0
409,3,2.805219391624053e-07,-7.347630385586725e-05,-1.4165325882704322e-06
409,5,2.805219391624053e-07,-7.347630385586725e-05,-3.9787248735095614e-05
410,1,3.195448912419783e-07,-0.05013276910518617,-1.9894622278323133e-06
410,3,3.195448912419783e-07,-0.9962736648362304,0.0
410,5,3.195448912419783e-07,-0.9999045236141594,-0.0001765740039556065
411,1,2.803671096545718e-07,-5.4681080604533146e-05,0.0
411,3,2.803671096545718e-07,-0.00011275468595918713,-1.907898518410992e-05
411,5,2.803671096545718e-07,-0.0043564119685985505,-0.0018360648913053781
412,1,2.805219391624053e-07,-8.536111016906901e-08,0.0
412,3,2.805219391624053e-07,-3.8890814459168696e-05,-1.8323103091904505e-10
412,5,2.805219391624053e-07,-8.028154749823089e-05,-3.8545887620126483e-07
413,1,2.79763897478595e-07,-0.00022190810267181725,0.0
413,3,2.79763897478595e-07,-0.0004565964859577165,3.639734430056401e-10
413,5,2.79763897478595e-07,-0.9203154925215754,-2.956386008278523e-07
414,1,2.79763897478595e-07,-0.00022235964964536446,0.0
414,3,2.79763897478595e-07,-0.0004575247660004987,0.0
414,5,2.79763897478595e-07,-0.9204642835801037,-0.0002457740280834026
415,1,8.067253148689931e-07,-0.9913713531672849,0.0
415,3,8.067253148689931e-07,-0.9999944805606428,0.0
415,5,8.067253148689931e-07,-0.9999943308089512,-0.9913713531672849
416,1,2.805219391624053e-07,-7.487984345820477e-07,-6.578339331934378e-10
416,3,2.805219391624053e-07,-0.0002070432614754949,2.455767901136152e-10
416,5,2.805219391624053e-07,-0.0002070432614754949,-0.0018370758686118347
417,1,2.9320486141906363e-07,-6.228125515863815e-05,7.63218538993999e-12
417,3,2.9320486141906363e-07,-0.0003745941446093392,-2.271722033670975e-06
417,5,2.9320486141906363e-07,-0.022011632164250117,-0.00011752761446669767
418,1,2.8047567371488565e-07,-5.468607186838464e-05,0.0
418,3,2.8047567371488565e-07,-0.00011276506521632893,0.0
418,5,2.8047567371488565e-07,-0.004356818194035324,-5.9660143482355345e-06
419,1,3.05092801409017e-07,-0.006226213088875095,0.0
419,3,3.05092801409017e-07,-0.9986879503806825,-2.942586274780366e-06
419,5,3.05092801409017e-07,-0.999888263283495,-0.04205452095949662
420,1,2.805207588619041e-07,-5.95256820421725e-06,0.0
420,3,2.805207588619041e-07,-7.168457062982067e-05,0.0
420,5,2.805207588619041e-07,-0.0025507467579167597,0.0
421,1,2.988329394523196e-07,-0.011512489486659947,0.0
421,3,2.988329394523196e-07,-0.9993939659405706,2.6625971848223575e-08
421,5,2.988329394523196e-07,-0.9999763324955933,-1.754965758774803e-08
422,1,2.805225148310531e-07,-7.487999712152958e-07,-1.4218509978573853e-06
422,3,2.805225148310531e-07,-0.00020714985876499624,-1.6684956842881896e-07
422,5,2.805225148310531e-07,-0.00020714985876499624,-1.5521646341591035e-08
423,1,2.8616952947579393e-07,-0.00028852637618624957,0.0
423,3,2.8616952947579393e-07,-0.030967508938910596,-5.671731115753484e-07
423,5,2.8616952947579393e-07,-0.07932431273690753,-1.3213130200103776e-06
424,1,2.855521590880789e-07,-0.00018378566380500454,0.0
424,3,2.855521590880789e-07,-0.0010164245506896516,0.0
424,5,2.855521590880789e-07,-0.030211304464072462,-2.546457262628032e-07
425,1,3.034562344700582e-07,-0.11184153911626549,0.0
425,3,3.034562344700582e-07,-0.9998239348189771,1.0856900208833866e-09
425,5,3.034562344700582e-07,-0.999981760226117,-0.2579200686939965
426,1,2.805219391624053e-07,-8.53610490702398e-08,5.352792136168959e-10
426,3,2.805219391624053e-07,-7.347630385586725e-05,-3.0829688075680063e-09
426,5,2.805219391624053e-07,-7.347630385586725e-05,0.0
427,1,2.8140476764967543e-07,-5.486721305256736e-05,-0.0018428466603251684
427,3,2.8140476764967543e-07,-0.00012647980602093137,-1.741209231818524e-08
427,5,2.8140476764967543e-07,-0.004882943654164458,-6.009598504144921e-06
428,1,2.7998969926191077e-07,-0.0002220871683180935,-0.007024745903794468
428,3,2.7998969926191077e-07,-0.00045696484356075583,3.642672115378543e-10
428,5,2.7998969926191077e-07,-0.9203746379142632,-1.59788794440974e-06
429,1,3.0345537851370596e-07,-0.11184125892853133,-0.11184125892853133
429,3,3.0345537851370596e-07,-0.9998406598234559,0.0
429,5,3.0345537851370596e-07,-0.9999817602269729,-1.1417518885093708e-07
430,1,2.834517595820684e-07,-0.00019151339869276094,0.0
430,3,2.834517595820684e-07,-0.013205537114710175,0.0
430,5,2.834517595820684e-07,-0.03161415643941583,-2.5028605353811683e-07
431,1,2.7976216018198975e-07,-0.00022190672495818253,-2.9429053564795983e-08
431,3,2.7976216018198975e-07,-0.0005103136339806762,-1.0529541440888997e-07
431,5,2.7976216018198975e-07,-0.9280994999382961,-2.9429053564795983e-08
432,1,2.803671096545718e-07,-5.4681080604533146e-05,0.0
432,3,2.803671096545718e-07,-0.00011275468595918713,-2.4756130745905237e-07
432,5,2.803671096545718e-07,-0.0043564119685985505,-3.715217567589514e-06
433,1,2.79763897478595e-07,-0.00022195134096136395,0.0
433,3,2.79763897478595e-07,-0.000456685374292565,0.0
433,5,2.79763897478595e-07,-0.9203297642355526,-8.805650044883981e-08
434,1,2.8047567371488565e-07,-5.4680923654517574e-05,0.0
434,3,2.8047567371488565e-07,-0.00011275447788917116,-9.174725526409969e-09
434,5,2.8047567371488565e-07,-0.00435641186003449,-1.9523113211129005e-05
435,1,2.79763897478595e-07,-0.00022252292269630048,-1.4180058911323522e-06
435,3,2.79763897478595e-07,-0.0004578604188232139,-2.6936964394153987e-07
435,5,2.79763897478595e-07,-0.9205179476799341,-1.4580172148500582e-07
436,1,3.429649657429375e-07,-0.0012727900375388216,-2.8550978598185813e-08
436,3,3.429649657429375e-07,-0.002384569565437086,-1.4091328946337914e-08
436,5,3.429649657429375e-07,-0.002384569565437086,-0.22262276508370535
437,1,2.8042304201432686e-07,-1.2387385717456478e-07,0.0
437,3,2.8042304201432686e-07,-3.888390402485961e-05,-2.8509591664025742e-09
437,5,2.8042304201432686e-07,-0.0013720516266749715,-1.4214410327341796e-06
438,1,2.741369830473286e-07,-0.002623563922558961,0.0
438,3,2.741369830473286e-07,-0.002623563922558961,-6.3381589330652145e-09
438,5,2.741369830473286e-07,-0.9999069175804018,-0.002623563922558961
439,1,4.422867759402656e-07,-0.0038444354875587774,-7.771363920154169e-08
439,3,4.422867759402656e-07,-0.007214943017237796,-5.6217138475625945e-08
439,5,4.422867759402656e-07,-0.004450366478724366,1.5748654085019954e-07
440,1,2.9680486790390643e-07,-0.9768839663021189,-3.6042662099330275e-07
440,3,2.9680486790390643e-07,-0.9925475774795796,0.0
440,5,2.9680486790390643e-07,-0.9999943641630257,-3.09859383661316e-08
441,1,2.805219391624053e-07,-7.487984345820477e-07,0.0
441,3,2.805219391624053e-07,-0.00022616939652351421,-3.0829688075680063e-09
441,5,2.805219391624053e-07,-0.00022616939652351421,-7.487984345820477e-07
442,1,2.805219391624053e-07,-8.536111016906901e-08,-8.536111016906901e-08
442,3,2.805219391624053e-07,-7.347630385586725e-05,0.0
442,5,2.805219391624053e-07,-7.347630385586725e-05,-0.003104929326727177
443,1,2.805219391624053e-07,-7.487984345820477e-07,-6.4074728947187886e-09
443,3,2.805219391624053e-07,-0.0002070432614754949,-0.0018370758686118347
443,5,2.805219391624053e-07,-0.0002070432614754949,-2.726814724236165e-06
444,1,2.8074568710750346e-07,-8.542919527519278e-08,0.0
444,3,2.8074568710750346e-07,-3.935057836296774e-05,0.0
444,5,2.8074568710750346e-07,-0.0015566773790539488,-1.657644855025006e-07
445,1,2.964545336190853e-07,-0.6689219651621,-0.6689219651621
445,3,2.964545336190853e-07,-0.9999453967322948,2.7755227345301745e-09
445,5,2.964545336190853e-07,-0.9999745067677411,2.3903354652286295e-08
446,1,2.805219391624053e-07,-7.487984345820477e-07,-3.379489167899579e-10
446,3,2.805219391624053e-07,-0.00020714943375474998,-6.62388927810003e-07
446,5,2.805219391624053e-07,-0.00020714943375474998,-3.379489167899579e-10
447,1,3.30118346602027e-07,-0.0028722482473203447,0.0
447,3,3.30118346602027e-07,-0.005395032376518032,-2.949674386202805e-06
447,5,3.30118346602027e-07,-0.004131994727403233,-4.854151889639441e-07
448,1,2.79763897478595e-07,-0.00022188729584594324,0.0
448,3,2.79763897478595e-07,-0.00045655371173491634,-8.805650044883981e-08
448,5,2.79763897478595e-07,-0.9203086229656718,-2.8223216387433178e-08
449,1,3.034562344700582e-07,-0.11184153911626549,-1.204518886305947e-07
449,3,3.034562344700582e-07,-0.9998248818227811,0.0
449,5,3.034562344700582e-07,-0.999981769408496,-1.1038099594294997e-07
450,1,2.8822194106874093e-07,-5.6208772065814785e-05,-4.225076943946569e-07
450,3,2.8822194106874093e-07,-0.00015186902453435911,0.0
450,5,2.8822194106874093e-07,-0.007902508194904304,0.0
451,1,4.0242972653794654e-07,-0.14007783599322896,1.0001765527173143e-08
451,3,4.0242972653794654e-07,-0.9998636942810645,-0.14007783599322896
451,5,4.0242972653794654e-07,-0.9999854151332397,-3.3402277661922108e-06
452,1,2.994579805173992e-07,-0.02082048464488372,6.862557654429839e-10
452,3,2.994579805173992e-07,-0.9997982540579493,1.2992230067835112e-08
452,5,2.994579805173992e-07,-0.9999925411945927,-0.9997982540579493
453,1,3.0031841392495155e-07,-0.004492453065722115,0.0
453,3,3.0031841392495155e-07,-0.9985800984331623,1.6081553578716935e-08
453,5,3.0031841392495155e-07,-0.9999920874191175,-2.9889462296460174e-08
454,1,2.79763897478595e-07,-0.00022252292269630048,0.0
454,3,2.79763897478595e-07,-0.0004578604188232139,-0.007019120461216586
454,5,2.79763897478595e-07,-0.9205179476799341,0.0
455,1,3.037393058513555e-07,-0.0002127512630092476,0.0
455,3,3.037393058513555e-07,-0.0010816448221056452,3.5014349414257286e-10
455,5,3.037393058513555e-07,-0.030001407750352597,-0.00018990874047279747
456,1,2.722903960624009e-07,-0.9748633424320011,0.0
456,3,2.722903960624009e-07,-0.9999940504018487,-8.476308881767571e-07
456,5,2.722903960624009e-07,-0.9999944147656302,0.0
457,1,2.9947722420921626e-07,-0.019855069989886887,-2.190659689158344e-09
457,3,2.9947722420921626e-07,-0.9997526621983965,-1.301984322409713e-07
457,5,2.9947722420921626e-07,-0.9999919023292186,-0.41524855210705985
458,1,3.6970151621118297e-07,-0.036231009879939574,0.0
458,3,3.6970151621118297e-07,-0.0017180830958632531,-1.3819832280496457e-06
458,5,3.6970151621118297e-07,-0.0031267768697744816,0.0
459,1,3.3735754363818414e-07,-0.002669821012156204,0.0
459,3,3.3735754363818414e-07,-0.004925773595000893,-6.142147069733308e-07
459,5,3.3735754363818414e-07,-0.004925773595000893,-3.9206815465023555e-09
460,1,2.805219391624053e-07,-8.536111016906901e-08,0.0
460,3,2.805219391624053e-07,-7.347630385586725e-05,-3.0829688075680063e-09
460,5,2.805219391624053e-07,-7.347630385586725e-05,-4.101282249816788e-07
461,1,2.79763897478595e-07,-0.00022242383089804565,0.0
461,3,2.79763897478595e-07,-0.00045765670829446363,3.639734430056401e-10
461,5,2.79763897478595e-07,-0.9204853871226364,-0.000316619434557703
462,1,2.806906336089104e-07,-0.00022325987959312564,0.0
462,3,2.806906336089104e-07,-0.0005134235393028023,-2.9526722548050058e-08
462,5,2.806906336089104e-07,-0.9285039813768674,-3.5176180253728813e-09
463,1,2.805219391624053e-07,-7.487984345820477e-07,0.0
463,3,2.805219391624053e-07,-0.00020714943375474998,-2.47699042597867e-07
463,5,2.805219391624053e-07,-0.00020714943375474998,-9.409268137055835e-06
464,1,2.8047567371488565e-07,-5.4680923654517574e-05,0.0
464,3,2.8047567371488565e-07,-0.00011275447788917116,0.0
464,5,2.8047567371488565e-07,-0.00435641186003449,-2.1183503661005745e-05
465,1,2.79763897478595e-07,-0.00022188729584594324,-1.4180058911323522e-06
465,3,2.79763897478595e-07,-0.00045655371173491634,3.639734430056401e-10
465,5,2.79763897478595e-07,-0.9203086229656718,-4.076824878168421e-08
466,1,2.826091035401022e-07,-2.5516401684164293e-07,-2.4954199414927656e-07
466,3,2.826091035401022e-07,-0.0001122813300169042,-0.0018508113935537824
466,5,2.826091035401022e-07,-0.0001122813300169042,-2.4943167515504204e-07
467,1,4.034657636047657e-07,-0.07815615075979902,-0.07815615075979902
467,3,4.034657636047657e-07,-0.0023924037558162017,0.0
467,5,4.034657636047657e-07,-0.0023924037558162017,-2.1737208537651505e-06
468,1,2.8052133452812975e-07,-5.850252436075766e-06,-2.8567416356996006e-09
468,3,2.8052133452812975e-07,-7.090619790825526e-05,-1.5542601142523922e-07
468,5,2.8052133452812975e-07,-7.462259267652264e-05,-2.3894295234778528e-09
469,1,3.029199035277032e-07,-0.2808506712153821,-6.787596488819283e-06
469,3,3.029199035277032e-07,-0.9998246545504647,-0.00048389791109882643
469,5,3.029199035277032e-07,-0.9999814098116749,-0.00012003696485294494
470,1,2.805219391624053e-07,-1.2384732079583548e-07,0.0
470,3,2.805219391624053e-07,-3.8890814459168696e-05,-1.4218480800393688e-06
470,5,2.805219391624053e-07,-0.0012562840469772022,0.0
471,1,4.706050660143584e-07,-0.0031576801776762933,0.0
471,3,4.706050660143584e-07,-0.005929770955303402,-0.2251316687741586
471,5,4.706050660143584e-07,-0.005929770955303402,-0.9913826455406355
472,1,2.8074568710750346e-07,-7.493956853316273e-07,0.0
472,3,2.8074568710750346e-07,-0.00020720836760729848,5.135344432526631e-10
472,5,2.8074568710750346e-07,-0.00020720836760729848,-2.23714371854616e-09
473,1,2.79763897478595e-07,-0.00022205022257232592,0.0
473,3,2.79763897478595e-07,-0.0004568886529263401,-3.3823770650043245e-08
473,5,2.79763897478595e-07,-0.9203623830059214,-0.0002217954649548969
474,1,2.890923974728441e-07,-0.00016200253511591803,0.0
474,3,2.890923974728441e-07,-0.0008985495785908767,-1.1252420218016317e-09
474,5,2.890923974728441e-07,-0.014878092759143344,-5.755804666108485e-07
475,1,2.741369830473286e-07,-0.002623563922558961,0.0
475,3,2.741369830473286e-07,-0.002623563922558961,-5.197183938715812e-13
475,5,2.741369830473286e-07,-0.9999069175804018,-0.06404834370061471
476,1,2.803671096545718e-07,-5.4681080604533146e-05,0.0
476,3,2.803671096545718e-07,-0.00011275468595918713,-6.830694668560837e-07
476,5,2.803671096545718e-07,-0.0043564119685985505,-0.00595523676935147
477,1,2.79763897478595e-07,-0.00022252292269630048,0.0
477,3,2.79763897478595e-07,-0.0004578604188232139,-1.0529606828322182e-07
477,5,2.79763897478595e-07,-0.9205179476799341,-2.8045246273477057e-07
478,1,2.834383098532548e-07,-0.00019848207439574828,0.0
478,3,2.834383098532548e-07,-0.0010095815114983522,-0.0005362787784973922
478,5,2.834383098532548e-07,-0.030013808064414678,-0.00022297774094371398
479,1,2.848937811848087e-07,-0.029182618635216002,-6.895930608785685e-06
479,3,2.848937811848087e-07,-0.9889328685189904,-4.22297551858892e-08
479,5,2.848937811848087e-07,-0.9998391975420271,-8.51998426013945e-05
480,1,2.834517595820684e-07,-0.00020837014133495062,0.0
480,3,2.834517595820684e-07,-0.013205537114710175,-5.759679375416197e-07
480,5,2.834517595820684e-07,-0.03161415643941583,-5.963106230772732e-07
481,1,3.2892841370635796e-07,-4.583845103446122e-06,0.0
481,3,3.2892841370635796e-07,-0.004910301425048968,-3.089227774237645e-08
481,5,3.2892841370635796e-07,-0.004910301425048968,-3.09118127308997e-06
482,1,2.868565856257273e-07,-5.599136420997529e-05,-2.53296635444769e-07
482,3,2.868565856257273e-07,-0.00031074304693242544,-1.0770371721372455e-07
482,5,2.868565856257273e-07,-0.006829791764552899,-0.0013743123735732337
483,1,2.834556137151695e-07,-0.0003109671152533041,-8.982906542384602e-10
483,3,2.834556137151695e-07,-0.02777637408093973,-0.019988859457533877
483,5,2.834556137151695e-07,-0.07844977329268808,-2.924826045184667e-09
484,1,3.9710888984153796e-07,-0.008570778874786179,0.0
484,3,3.9710888984153796e-07,-0.008570778874786179,-2.515420540154476e-07
484,5,3.9710888984153796e-07,-0.0005225532944771794,-1.946058245763002e-08
485,1,2.805219391624053e-07,-1.2384732079583548e-07,4.626544751964794e-11
485,3,2.805219391624053e-07,-7.347630385586725e-05,-8.875833143937626e-08
485,5,2.805219391624053e-07,-7.347630385586725e-05,-5.140519634420157e-05
486,1,2.931214441824575e-07,-0.03358022628513741,-7.07398010717722e-08
486,3,2.931214441824575e-07,-0.9993918916753427,-0.037633158726517596
486,5,2.931214441824575e-07,-0.9999376979554008,-9.369984640123608e-06
487,1,2.9778170038497037e-07,-0.00011073073657719094,-8.548774314417367e-06
487,3,2.9778170038497037e-07,-0.0006809924554849843,-2.815900298256022e-07
487,5,2.9778170038497037e-07,-0.04782784430716808,-2.15960954793385e-07
488,1,2.79763897478595e-07,-0.00022190810267181725,-2.822342691148232e-08
488,3,2.79763897478595e-07,-0.0004565964859577165,-2.798219164411397e-07
488,5,2.79763897478595e-07,-0.9203154925215754,-2.798219164411397e-07
489,1,2.805219391624053e-07,-7.487984345820477e-07,-3.0829688075680063e-09
489,3,2.805219391624053e-07,-0.0002070432614754949,2.455767901136152e-10
489,5,2.805219391624053e-07,-0.0002070432614754949,-3.0829688075680063e-09
490,1,2.805219391624053e-07,-7.487984345820477e-07,-0.0018370758686118347
490,3,2.805219391624053e-07,-0.00020714943375474998,0.0
490,5,2.805219391624053e-07,-0.00020714943375474998,-3.589242671251544e-07
491,1,2.805219391624053e-07,-7.487984345820477e-07,0.0
491,3,2.805219391624053e-07,-0.0002070432614754949,2.455767901136152e-10
491,5,2.805219391624053e-07,-0.0002070432614754949,-3.8384064316530206e-09
492,1,2.860139709482397e-07,-5.58164757182001e-05,0.0
492,3,2.860139709482397e-07,-0.0028072993678638658,-1.0468555389868897e-08
492,5,2.860139709482397e-07,-0.006819489580951566,-6.112725452196266e-07
493,1,2.79763897478595e-07,-0.00022205022257232592,-1.4180058911323522e-06
493,3,2.79763897478595e-07,-0.0004568886529263401,0.0
493,5,2.79763897478595e-07,-0.9203623830059214,-3.208313082701254e-06
494,1,2.799879605631069e-07,-0.00022270110170805816,0.0
494,3,2.799879605631069e-07,-0.0005121389078469227,-0.00022270110170805816
494,5,2.799879605631069e-07,-0.928337410771716,-2.5692756857937655e-07
495,1,2.80426411255147e-07,-1.2387534549979086e-07,0.0
495,3,2.80426411255147e-07,-3.888437119084147e-05,-1.2387534549979086e-07
495,5,2.80426411255147e-07,-0.00125628011512768,-0.0018365478227524111
496,1,2.8494340943856474e-07,-0.00019004938892838673,0.0
496,3,2.8494340943856474e-07,-0.0010514341310871617,-1.170972822256951e-10
496,5,2.8494340943856474e-07,-0.03438275333536614,-0.525898055974267
497,1,2.79763897478595e-07,-0.00022205022257232592,0.0
497,3,2.79763897478595e-07,-0.0004568886529263401,-0.00022205022257232592
497,5,2.79763897478595e-07,-0.9203623830059214,-3.504245093137458e-09
498,1,3.0837148526052916e-07,-6.011909346475975e-05,0.0
498,3,3.0837148526052916e-07,-0.002907365811803432,0.0
498,5,3.0837148526052916e-07,-0.005482383394733522,8.016184666476297e-09
499,1,2.805219391624053e-07,-7.487984345820477e-07,0.0
499,3,2.805219391624053e-07,-0.00020714943375474998,-0.0018370758686118347
499,5,2.805219391624053e-07,-0.00020714943375474998,-1.4409888284353902e-06
500,1,2.805219391624053e-07,-8.536111016906901e-08,0.0
500,3,2.805219391624053e-07,-7.347630385586725e-05,0.0
500,5,2.805219391624053e-07,-7.347630385586725e-05,-0.0018370758686118347
501,1,2.80487341444061e-07,-7.487060828367594e-07,0.0
501,3,2.80487341444061e-07,-0.00020701773142410917,-2.476684930543639e-07
501,5,2.80487341444061e-07,-0.00020701773142410917,-4.671017278249514e-09
502,1,2.9852963127141905e-07,-0.9454133527239573,-0.00047519010171056684
502,3,2.9852963127141905e-07,-0.9959824736674732,-0.00020496010755720448
502,5,2.9852963127141905e-07,-0.9999942382924968,-9.754532179230815e-09
503,1,2.8555104544301696e-07,-0.00019039148297593514,0.0
503,3,2.8555104544301696e-07,-0.0010528820585402664,-2.5214383375054596e-07
503,5,2.8555104544301696e-07,-0.03214663123004676,-1.3422430999784466e-05
504,1,2.8593075846451617e-07,-0.00025121126787985,0.0
504,3,2.8593075846451617e-07,-0.0004731766291398693,-0.0004731766291398693
504,5,2.8593075846451617e-07,-0.0004731766291398693,-0.011647078459343454
505,1,2.805219391624053e-07,-8.536111016906901e-08,0.0
505,3,2.805219391624053e-07,-3.8890814459168696e-05,0.0
505,5,2.805219391624053e-07,-7.347630385586725e-05,-2.548037468013237e-07
506,1,2.79763897478595e-07,-0.00022252292269630048,0.0
506,3,2.79763897478595e-07,-0.0004578604188232139,-0.00022252292269630048
506,5,2.79763897478595e-07,-0.9205179476799341,-0.007019120461216586
507,1,2.79763897478595e-07,-0.00022192002247267744,3.639734430056401e-10
507,3,2.79763897478595e-07,-0.00045655371173491634,-2.956386008278523e-07
507,5,2.79763897478595e-07,-0.9203086229656718,-1.7847933052388008e-06
508,1,2.997341823708674e-07,-0.012283474564541444,-3.029997225356096e-08
508,3,2.997341823708674e-07,-0.9995363885792257,0.0
508,5,2.997341823708674e-07,-0.9999675446967314,-7.757217760629023e-08
509,1,2.79763897478595e-07,-0.00022188729584594324,0.0
509,3,2.79763897478595e-07,-0.00045655371173491634,0.0
509,5,2.79763897478595e-07,-0.9203086229656718,-2.190287336323924e-06
510,1,2.8027657474206193e-07,-1.7982443385097932e-06,0.0
510,3,2.8027657474206193e-07,-0.00022204970989506245,-3.087713510911082e-09
510,5,2.8027657474206193e-07,-0.0004568881402490766,-2.794991713879533e-07
511,1,3.441794730570935e-07,-7.552621050325073e-05,-3.880354107447598e-07
511,3,3.441794730570935e-07,-0.0004843083085118059,-7.875990079957852e-08
511,5,3.441794730570935e-07,-0.029145221964305114,-1.3881656190528176e-06
512,1,3.2119207821330174e-07,-0.001265065362192459,-1.1492231777436325e-07
512,3,3.2119207821330174e-07,-0.0023051431279236963,-0.009945362197571538
512,5,3.2119207821330174e-07,-0.0023051431279236963,-0.00038141836958635475
513,1,2.805219391624053e-07,-7.487984345820477e-07,5.131719267536345e-10
513,3,2.805219391624053e-07,-0.00020714943375474998,-1.6576803294273467e-06
513,5,2.805219391624053e-07,-0.00020714943375474998,-0.0034538465465234775
514,1,2.987431208420299e-07,-0.011509069064846483,0.0
514,3,2.987431208420299e-07,-0.9993938407008962,1.7111714374589835e-08
514,5,2.987431208420299e-07,-0.9999763435652206,-4.454770237507519e-07
515,1,2.834536406534253e-07,-0.00019849136152970845,0.0
515,3,2.834536406534253e-07,-0.0010092055936890185,-5.026618973204972e-07
515,5,2.834536406534253e-07,-0.030001499386936192,-0.00022298817424827884
516,1,2.805219391624053e-07,-7.487984345820477e-07,0.0
516,3,2.805219391624053e-07,-0.00020714943375474998,-2.4329756907403283e-09
516,5,2.805219391624053e-07,-0.00020714943375474998,-8.875833143937626e-08
517,1,2.9859978185888896e-07,-0.9427173236307328,0.0
517,3,2.9859978185888896e-07,-0.9918192929971499,-0.9999939715525171
517,5,2.9859978185888896e-07,-0.9999944495465406,-8.656018862354293e-07
518,1,2.8806193299930503e-07,-0.0003115847727152736,-3.3719560484611303e-07
518,3,2.8806193299930503e-07,-0.038141524496759754,-0.020688534336438212
518,5,2.8806193299930503e-07,-0.09658414242083696,-2.731737112313559e-06
519,1,2.7976389838960436e-07,-0.00022252292269538945,0.0
519,3,2.7976389838960436e-07,-0.0004578604188223029,0.0
519,5,2.7976389838960436e-07,-0.9205179476799332,0.0
520,1,2.8813962919565044e-07,-0.00019218406384390472,0.0
520,3,2.8813962919565044e-07,-0.0010628276037246754,1.2368911399329413e-09
520,5,2.8813962919565044e-07,-0.034690543306936654,-7.253660450794697e-11
521,1,2.79763897478595e-07,-0.00022190810267181725,0.0
521,3,2.79763897478595e-07,-0.0004565964859577165,-2.956386008278523e-07
521,5,2.79763897478595e-07,-0.9203154925215754,3.639734430056401e-10
522,1,4.7183395598358023e-07,-9.263378739212809e-06,0.0
522,3,4.7183395598358023e-07,-4.385074413167702e-05,-0.004813996734280878
522,5,4.7183395598358023e-07,-8.298403205340107e-05,-9.752162004893254e-06
523,1,2.825732646489963e-07,-2.551987521527187e-07,0.0
523,3,2.825732646489963e-07,-0.00011228113488590415,-6.023370083552588e-08
523,5,2.825732646489963e-07,-0.00011228113488590415,-0.0028696059200061645
524,1,2.805225148310531e-07,-1.175249718084265e-07,0.0
524,3,2.805225148310531e-07,-8.083721628906466e-05,0.0
524,5,2.805225148310531e-07,-0.0015554418595751139,-4.3133976403035495e-09
525,1,2.835655806321309e-07,-1.4702656254781815e-05,0.0
525,3,2.835655806321309e-07,-3.5980834614978784e-05,-5.189241424323699e-08
525,5,2.835655806321309e-07,-0.0039844691658315655,-1.659141982144967e-08
526,1,2.7976389838960436e-07,-0.0002220502225714149,0.0
526,3,2.7976389838960436e-07,-0.0004568886529254291,-0.0002220502225714149
526,5,2.7976389838960436e-07,-0.9203623830059205,-0.0096355892939092
527,1,2.805219391624053e-07,-7.487984345820477e-07,0.0
527,3,2.805219391624053e-07,-0.0002070432614754949,-3.954153371839532e-07
527,5,2.805219391624053e-07,-0.0002070432614754949,-9.286500853052958e-07
528,1,3.034562344700582e-07,-0.11184153911626549,0.0
528,3,3.034562344700582e-07,-0.9998239348189771,-0.07940199890581634
528,5,3.034562344700582e-07,-0.999981760226117,-1.8103429924777043e-06
529,1,2.806525159780009e-07,-7.486869531713765e-07,0.0
529,3,2.806525159780009e-07,-0.0001873340712913366,-1.899881730493736e-12
529,5,2.806525159780009e-07,-0.0001873340712913366,4.660245177255229e-10
530,1,2.785571516516537e-07,-0.0315375573469855,-1.9223707844299847e-06
530,3,2.785571516516537e-07,-0.0026231848054027347,-2.366922671638863e-06
530,5,2.785571516516537e-07,-0.9999172059006406,-0.0001257266700045418
531,1,2.994772635430309e-07,-0.019855069989847554,0.0
531,3,2.994772635430309e-07,-0.9997526621983572,-2.9680103983248274e-08
531,5,2.994772635430309e-07,-0.999991905626076,-9.878973741750468e-06
532,1,2.79763897478595e-07,-0.00022235964964536446,0.0
532,3,2.79763897478595e-07,-0.0004575247660004987,-9.33357535091079e-08
532,5,2.79763897478595e-07,-0.9204642835801037,-1.1011922224942433e-07
533,1,2.741369830473286e-07,-0.002623563922558961,0.0
533,3,2.741369830473286e-07,-0.002623563922558961,-7.473945162797367e-11
533,5,2.741369830473286e-07,-0.9999069175804018,-0.00014750522719146587
534,1,2.834202341682675e-07,-7.560702910256701e-07,0.0
534,3,2.834202341682675e-07,-0.00018921817144784768,-8.216206200749725e-09
534,5,2.834202341682675e-07,-0.00018921817144784768,6.6010018994877895e-12
535,1,2.8570224952293774e-07,-0.000313242752805286,0.0
535,3,2.8570224952293774e-07,-0.03395220380840649,-8.140872477148408e-08
535,5,2.8570224952293774e-07,-0.09479374542049443,-0.000313242752805286
536,1,3.037212448561256e-07,-0.00022038636503723605,0.0
536,3,3.037212448561256e-07,-0.0011208563467844646,-0.004497451090151937
536,5,3.037212448561256e-07,-0.0341994878154139,-0.004412278146374968
537,1,2.805219391624053e-07,-8.536111016906901e-08,-0.0018370758686118347
537,3,2.805219391624053e-07,-3.8890814459168696e-05,0.0
537,5,2.805219391624053e-07,-0.0013713707756092212,-0.014491751690919413
538,1,2.805219391624053e-07,-7.487984345820477e-07,-2.47699042597867e-07
538,3,2.805219391624053e-07,-0.00020714943375474998,-7.487984345820477e-07
538,5,2.805219391624053e-07,-0.00020714943375474998,0.0
539,1,2.8047567371488565e-07,-5.468607186838464e-05,-5.468607186838464e-05
539,3,2.8047567371488565e-07,-0.00011276506521632893,-2.1332277646711148e-07
539,5,2.8047567371488565e-07,-0.004356818194035324,-1.8320081131023924e-10
540,1,2.874905067731103e-07,-0.00022853914521713106,1.5280357509665005e-09
540,3,2.874905067731103e-07,-0.0006158067721402773,-1.4752835586849582e-10
540,5,2.874905067731103e-07,-0.0006158067721402773,-9.16368183241615e-07
541,1,2.8047567371488565e-07,-5.468607186838464e-05,-1.6015622388862193e-08
541,3,2.8047567371488565e-07,-0.00011276506521632893,0.0
541,5,2.8047567371488565e-07,-0.004356818194035324,-5.9660143482355345e-06
542,1,2.7847006612861534e-07,-0.000185674552744387,-2.4588725304223775e-07
542,3,2.7847006612861534e-07,-0.0010284775664924546,-1.0366743390303414e-07
542,5,2.7847006612861534e-07,-0.033697290757320676,-1.382607942191936e-05
543,1,2.805219391624053e-07,-7.487984345820477e-07,0.0
543,3,2.805219391624053e-07,-0.00020714943375474998,-1.1324227740183754e-07
543,5,2.805219391624053e-07,-0.00020714943375474998,-2.209057818137028e-08
544,1,2.805219391624053e-07,-7.487984345820477e-07,0.0
544,3,2.805219391624053e-07,-0.00020714943375474998,-2.8299985385969363e-08
544,5,2.805219391624053e-07,-0.00020714943375474998,-3.477966328227191e-07
545,1,3.241433394662175e-07,-0.0011489578582771197,-4.2800037088035696e-09
545,3,3.241433394662175e-07,-0.0021615729928721817,-3.275645330581211e-07
545,5,3.241433394662175e-07,-0.0036083099965557664,-8.217695780906479e-08
546,1,2.79763897478595e-07,-0.00022252292269630048,0.0
546,3,2.79763897478595e-07,-0.0004578604188232139,-1.0529606828322182e-07
546,5,2.79763897478595e-07,-0.9205179476799341,-5.668074886124441e-07
547,1,2.8600010448448707e-07,-5.581375381024824e-05,0.0
547,3,2.8600010448448707e-07,-0.0003097584373061279,1.5139501267492692e-09
547,5,2.8600010448448707e-07,-0.00681948959481803,-5.282683371468411e-05
548,1,2.988797055987808e-07,-0.011512575659708911,-1.406841407423568e-06
548,3,2.988797055987808e-07,-0.9993939944080195,-1.845651757111305e-06
548,5,2.988797055987808e-07,-0.9999763335495184,1.7953339446865163e-08
549,1,2.804777792730367e-07,-7.486805585182422e-07,0.0
549,3,2.804777792730367e-07,-0.00020701816630196534,-0.0067075916509731675
549,5,2.804777792730367e-07,-0.00020701816630196534,-1.229737670195833e-06
550,1,2.741369830473286e-07,-0.002623563922558961,-0.002623563922558961
550,3,2.741369830473286e-07,-0.002623563922558961,-1.577537795215154e-06
550,5,2.741369830473286e-07,-0.9999069175804018,-2.6582227750889833e-08
551,1,2.89674685251489e-07,-5.653090983056819e-05,0.0
551,3,2.89674685251489e-07,-0.002838989499040942,0.0
551,5,2.89674685251489e-07,-0.0068961586077025796,1.7658854372303577e-09
552,1,2.805219391624053e-07,-7.487984345820477e-07,0.0
552,3,2.805219391624053e-07,-0.0002070432614754949,-3.0829688075680063e-09
552,5,2.805219391624053e-07,-0.0002070432614754949,-0.0024954327415453344
553,1,2.96804539465271e-07,-0.9257168389654459,-3.093341345875243e-08
553,3,2.96804539465271e-07,-0.991767861876718,-3.093341345875243e-08
553,5,2.96804539465271e-07,-0.99999380090731,-3.375009998356114e-08
554,1,3.339309552844812e-07,-0.00029283199625859164,-9.62875378575399e-08
554,3,3.339309552844812e-07,-0.0005515528710930284,-6.73009818808435e-06
554,5,3.339309552844812e-07,-0.0005515528710930284,-0.009610718833337873
555,1,3.1179652581239064e-07,-0.0003726359298434759,0.0
555,3,3.1179652581239064e-07,-0.05019462978106929,-2.5157937600509506e-07
555,5,3.1179652581239064e-07,-0.1247110538505121,-3.3412699792437357e-07
556,1,2.805219391624053e-07,-7.487984345820477e-07,0.0
556,3,2.805219391624053e-07,-0.00020714943375474998,0.0
556,5,2.805219391624053e-07,-0.00020714943375474998,-2.47699042597867e-07
557,1,2.8047567371488565e-07,-5.468607186838464e-05,-4.2221128896725597e-08
557,3,2.8047567371488565e-07,-0.00011276506521632893,-1.7718058848268474e-05
557,5,2.8047567371488565e-07,-0.004356818194035324,-0.0018367734430674292
558,1,2.79763897478595e-07,-0.00022205022257232592,0.0
558,3,2.79763897478595e-07,-0.0004568886529263401,0.0
558,5,2.79763897478595e-07,-0.9203623830059214,0.0
559,1,2.9613282139475505e-07,-0.8590378021946127,0.0
559,3,2.9613282139475505e-07,-0.9999763547028347,-5.835418540609776e-05
559,5,2.9613282139475505e-07,-0.9999780819022649,-0.8814755427122777
560,1,2.79763897478595e-07,-0.00022188729584594324,0.0
560,3,2.79763897478595e-07,-0.00045655371173491634,-5.668074886124441e-07
560,5,2.79763897478595e-07,-0.9203086229656718,-9.886381141242562e-08
561,1,2.803671096545718e-07,-5.4681080604533146e-05,0.0
561,3,2.803671096545718e-07,-0.00011275468595918713,-2.4756130745905237e-07
561,5,2.803671096545718e-07,-0.0043564119685985505,0.0
562,1,4.106545428882902e-07,-0.00396817522075051,-7.302142903892904e-07
562,3,4.106545428882902e-07,-0.0067412675780522385,0.0
562,5,4.106545428882902e-07,-0.0067412675780522385,-0.0044703498876543755
563,1,3.2842334317502107e-07,-0.0011641110856071017,0.0
563,3,3.2842334317502107e-07,-0.0021900519862769726,0.0
563,5,3.2842334317502107e-07,-0.0033047467240162635,-4.1744460688702936e-08
564,1,2.9211828924227756e-07,-0.0001949762012831691,0.0
564,3,2.9211828924227756e-07,-0.0011916115036484838,-3.774171375100084e-08
564,5,2.9211828924227756e-07,-0.021608673135366525,-0.00022018199493140193
565,1,3.943138477064012e-07,-0.017969410640252693,0.0
565,3,3.943138477064012e-07,-0.9998133751435541,-0.018647036912075216
565,5,3.943138477064012e-07,-0.9999916806945769,-3.7671916150449894e-08
566,1,2.836049079699733e-07,-8.685136207931307e-08,0.0
566,3,2.836049079699733e-07,-2.3375934495291017e-05,-0.0017051611190663676
566,5,2.836049079699733e-07,-2.3375934495291017e-05,-5.658456092790345e-06
567,1,4.138312245475206e-07,-0.06769063278785939,0.0
567,3,4.138312245475206e-07,-0.9939607772190677,-2.5773203081852485e-06
567,5,4.138312245475206e-07,-0.9996442088471199,-4.595178113295322e-06
568,1,2.805219391624053e-07,-7.487984345820477e-07,0.0
568,3,2.805219391624053e-07,-0.00020714943375474998,-6.30390998537761e-08
568,5,2.805219391624053e-07,-0.00020714943375474998,-1.9604841668671725e-06
569,1,2.805219391624053e-07,-8.536111016906901e-08,0.0
569,3,2.805219391624053e-07,-7.99595286179401e-05,-3.0829688075680063e-09
569,5,2.805219391624053e-07,-7.99595286179401e-05,0.0
570,1,6.001511780727643e-07,-0.0028777325616712725,0.0
570,3,6.001511780727643e-07,-0.006037691220556234,-6.628738211087074e-07
570,5,6.001511780727643e-07,-0.04849932381774955,-1.8804076058225094e-06
571,1,2.80512375811901e-07,-1.1753511082757859e-07,0.0
571,3,2.80512375811901e-07,-7.995970283147113e-05,5.524268432750863e-10
571,5,2.80512375811901e-07,-7.995970283147113e-05,0.0
572,1,2.812875635070809e-07,-0.0014202587307012033,0.0
572,3,2.812875635070809e-07,-0.0024175131541701676,-2.9258369401185242e-08
572,5,2.812875635070809e-07,-0.9993530496063435,-0.000760056288097084
573,1,2.805207588619041e-07,-5.95256820421725e-06,-0.001837074038713401
573,3,2.805207588619041e-07,-7.090605240988282e-05,-8.914159461762845e-08
573,5,2.805207588619041e-07,-7.516392487782493e-05,-1.4218420976012378e-06
574,1,2.805219391624053e-07,-7.487984345820477e-07,5.131251680633568e-10
574,3,2.805219391624053e-07,-0.00022616939652351421,-2.478048803974631e-07
574,5,2.805219391624053e-07,-0.00022616939652351421,-0.000997743947585271
575,1,2.8027657474206193e-07,-1.7982443385097932e-06,-3.087713510911082e-09
575,3,2.8027657474206193e-07,-0.00022188678316867978,0.0
575,5,2.8027657474206193e-07,-0.00045655319905765285,-1.6067051019423326e-06
576,1,2.741369830473286e-07,-0.002623563922558961,0.0
576,3,2.741369830473286e-07,-0.002623563922558961,0.0
576,5,2.741369830473286e-07,-0.9999069175804018,-2.5976116402470353e-06
577,1,2.8047567371488565e-07,-5.4680923654517574e-05,0.0
577,3,2.8047567371488565e-07,-0.00011275447788917116,0.0
577,5,2.8047567371488565e-07,-0.00435641186003449,-3.59299622991526e-07
578,1,2.7384759680476256e-07,-0.021153575818820748,0.0
578,3,2.7384759680476256e-07,-0.9982887687845148,0.0
578,5,2.7384759680476256e-07,-0.9999264741839816,-2.5857527908978184e-10
579,1,2.805219391624053e-07,-1.2384725327019449e-07,-2.8982950058622243e-09
579,3,2.805219391624053e-07,-7.347630385586725e-05,-1.4187338592210466e-06
579,5,2.805219391624053e-07,-7.347630385586725e-05,-2.47699042597867e-07
580,1,2.8047567371488565e-07,-5.468607186838464e-05,0.0
580,3,2.8047567371488565e-07,-0.00011276506521632893,-1.6015622388862193e-08
580,5,2.8047567371488565e-07,-0.004356818194035324,-1.6015622388862193e-08
581,1,2.805219391624053e-07,-1.2384732079583548e-07,-5.728071186490691e-11
581,3,2.805219391624053e-07,-7.347630385586725e-05,-0.0018370758686118347
581,5,2.805219391624053e-07,-7.347630385586725e-05,-0.0005175480156122874
582,1,3.03430880888031e-07,-0.11183692044995981,0.0
582,3,3.03430880888031e-07,-0.9998248900808633,0.0
582,5,3.03430880888031e-07,-0.9999814339645771,-2.5972768486293893e-08
583,1,2.994140523884983e-07,-0.020820529634271327,1.777076564556055e-08
583,3,2.994140523884983e-07,-0.9997982545458928,0.0
583,5,2.994140523884983e-07,-0.9999925412385208,-5.259550497927494e-06
584,1,2.832681425717325e-07,-6.0425122287069344e-05,0.0
584,3,2.832681425717325e-07,-0.0001466123587428919,-1.0661497715628687e-07
584,5,2.832681425717325e-07,-0.6091634650927914,0.0
585,1,3.2773663139096627e-07,-0.025073990979706483,0.0
585,3,3.2773663139096627e-07,-0.9998489557541917,0.0
585,5,3.2773663139096627e-07,-0.9999949150789847,-0.099451059916571
586,1,2.8592853743377e-07,-6.072980698774414e-05,0.0
586,3,2.8592853743377e-07,-0.00030976008871608235,-0.0014923257185691697
586,5,2.8592853743377e-07,-0.006819524190516782,-2.012999759126743e-08
587,1,2.79763897478595e-07,-0.00022188729584594324,-1.0529606828322182e-07
587,3,2.79763897478595e-07,-0.00045655371173491634,0.0
587,5,2.79763897478595e-07,-0.9203086229656718,-2.956386008278523e-07
588,1,2.834383098532548e-07,-0.00019848207439574828,0.0
588,3,2.834383098532548e-07,-0.0010091549915017975,-5.433438146866735e-07
588,5,2.834383098532548e-07,-0.03000149940226699,-1.4295083401475868e-06
589,1,2.805219391624053e-07,-8.536111016906901e-08,-8.875833143937626e-08
589,3,2.805219391624053e-07,-8.304255196760581e-05,-6.11441537287825e-08
589,5,2.805219391624053e-07,-0.0015975965078990214,-0.0024170181480588754
590,1,2.78546829875658e-07,-0.031537557357307275,0.0
590,3,2.78546829875658e-07,-0.0026231848157245107,0.0
590,5,2.78546829875658e-07,-0.9999172059109624,-3.595252840306879e-05
591,1,2.80487341444061e-07,-7.487060828367594e-07,0.0
591,3,2.80487341444061e-07,-0.00020701773142410917,-7.3383069324422514e-09
591,5,2.80487341444061e-07,-0.00020701773142410917,-7.48833032300392e-07
592,1,2.8052133452812975e-07,-5.952580419609529e-06,0.0
592,3,2.8052133452812975e-07,-7.090619790825526e-05,0.0
592,5,2.8052133452812975e-07,-7.462259267652264e-05,-2.7136928279042813e-07
593,1,5.342628965557786e-07,-0.9804889141209076,4.121246588976738e-08
593,3,5.342628965557786e-07,-0.9937286177491277,-3.783950236078948e-07
593,5,5.342628965557786e-07,-0.9999936043080868,-1.6633391821836298e-06
594,1,2.859979415769226e-07,-5.58137559731558e-05,-7.846608653374733e-06
594,3,2.859979415769226e-07,-0.00030975843946903553,-4.7513945076938064e-08
594,5,2.859979415769226e-07,-0.0068194895969809375,0.0
595,1,3.0087934451183727e-07,-0.8669523919227337,-2.6837305318397526e-08
595,3,3.0087934451183727e-07,-0.9999877185123394,-6.356188746788727e-08
595,5,3.0087934451183727e-07,-0.9999885927679735,-8.881460120863605e-08
596,1,2.805219391624053e-07,-7.487984345820477e-07,0.0
596,3,2.805219391624053e-07,-0.00020714943375474998,0.0
596,5,2.805219391624053e-07,-0.00020714943375474998,-1.04875123473165e-07
597,1,2.855356012031868e-07,-0.00019038257485129177,0.0
597,3,2.855356012031868e-07,-0.0010528292686569837,0.0
597,5,2.855356012031868e-07,-0.034423651258908866,-1.3331608542422937e-05
598,1,2.8592945501042253e-07,-6.0730001864594955e-05,-2.524738412507951e-07
598,3,2.8592945501042253e-07,-0.0003097600877985057,-2.221981408812787e-07
598,5,2.8592945501042253e-07,-0.006819524189599205,-0.5574365358381604
599,1,2.988329394523196e-07,-0.011512489486659947,0.0
599,3,2.988329394523196e-07,-0.9993939659405706,-0.11107646257313168
599,5,2.988329394523196e-07,-0.9999763324955933,-4.9571780967764935e-05
600,1,2.8042731117486674e-07,-8.539583359300023e-08,0.0
600,3,2.8042731117486674e-07,-3.9312829462195495e-05,-1.126774307339104e-07
600,5,2.8042731117486674e-07,-0.0015624717256013912,-2.4779367058540554e-07
601,1,3.0307575350878504e-07,-0.11181363350842481,-1.5716446276505816e-08
601,3,3.0307575350878504e-07,-0.999824882203262,-0.0018856430186933134
601,5,3.0307575350878504e-07,-0.999981769788977,-0.11184153949674645
602,1,2.803671096545718e-07,-5.4681080604533146e-05,-5.383280800194498e-07
602,3,2.803671096545718e-07,-0.00011275468595918713,-2.3780562210020594e-08
602,5,2.803671096545718e-07,-0.0043564119685985505,-5.383280800194498e-07
603,1,2.79763897478595e-07,-0.00022188729584594324,-1.4180058911323522e-06
603,3,2.79763897478595e-07,-0.00045655371173491634,0.0
603,5,2.79763897478595e-07,-0.9203086229656718,-0.041115897083538
604,1,3.0445835622174076e-07,-0.004167740782640103,-2.0844770959692206e-09
604,3,3.0445835622174076e-07,-0.9865552997852693,-9.455251523225027e-08
604,5,3.0445835622174076e-07,-0.9987228978585436,-0.007115141981336659
605,1,2.8600097534780166e-07,-5.581392375222753e-05,-4.89263798856318e-07
605,3,2.8600097534780166e-07,-0.0003097593802205471,0.0
605,5,2.8600097534780166e-07,-0.0068195102183825195,-1.6755677192474803e-05
606,1,2.7988701705967763e-07,-0.0012916095518172314,-5.881249207161893e-10
606,3,2.7988701705967763e-07,-0.0021987469584551617,-1.7183463642833357e-06
606,5,2.7988701705967763e-07,-0.9986890879219139,-1.0524995456393665e-07
607,1,2.8052133452812975e-07,-3.828008097156987e-06,-0.0018370778017090478
607,3,2.8052133452812975e-07,-0.00036987830394721795,1.4399031656667377e-10
607,5,2.8052133452812975e-07,-0.00021037275953574881,5.756662256331368e-13
608,1,2.805219391624053e-07,-7.487984345820477e-07,0.0
608,3,2.805219391624053e-07,-0.00022616939652351421,0.0
608,5,2.805219391624053e-07,-0.00022616939652351421,-1.376723854260914e-07
609,1,2.849930060992469e-07,-0.002727174489353321,-0.06642187384695165
609,3,2.849930060992469e-07,-0.002727174489353321,-2.0729987523366897e-06
609,5,2.849930060992469e-07,-0.999910449747816,-6.459213372117888e-06
610,1,2.8047567371488565e-07,-5.4680923654517574e-05,0.0
610,3,2.8047567371488565e-07,-0.00011275447788917116,-0.0018367734430674292
610,5,2.8047567371488565e-07,-0.00435641186003449,-7.94241476487754e-06
611,1,2.805219391624053e-07,-7.487984345820477e-07,0.0
611,3,2.805219391624053e-07,-0.0002070432614754949,2.455767901136152e-10
611,5,2.805219391624053e-07,-0.0002070432614754949,0.0
612,1,2.8074568710750346e-07,-7.493956853316273e-07,0.0
612,3,2.8074568710750346e-07,-0.00020720836760729848,-2.4789661046956624e-07
612,5,2.8074568710750346e-07,-0.00020720836760729848,-0.0012927721848880623
613,1,2.9371362567793e-07,-0.002810454888650047,-2.838494841225141e-13
613,3,2.9371362567793e-07,-0.9982121713788524,-0.001916916940223076
613,5,2.9371362567793e-07,-0.9999268210764523,-1.9059442071875317e-05
614,1,2.8027657474206193e-07,-1.7982443385097932e-06,5.126772634669172e-10
614,3,2.8027657474206193e-07,-0.00022198356434299183,-3.087713510911082e-09
614,5,2.8027657474206193e-07,-0.0004566848616153015,-1.427101015242995e-06
615,1,3.726396689502242e-07,-0.3134449091309546,0.0
615,3,3.726396689502242e-07,-0.9998498637839979,-0.035549181430093175
615,5,3.726396689502242e-07,-0.9999839983135671,1.246183377083516e-09
616,1,2.9630326843286446e-07,-0.976856942481297,0.0
616,3,2.9630326843286446e-07,-0.9999944874409035,0.0
616,5,2.9630326843286446e-07,-0.9999948390669755,-0.0005447618347451311
617,1,2.805219391624053e-07,-8.536111016906901e-08,0.0
617,3,2.805219391624053e-07,-7.347630385586725e-05,-3.0878261031030325e-09
617,5,2.805219391624053e-07,-7.347630385586725e-05,5.43041518254141e-10
618,1,2.835364923766622e-07,-0.032549673271101844,1.020103619028084e-09
618,3,2.835364923766622e-07,-0.999366620802899,-3.8934707389544596e-08
618,5,2.835364923766622e-07,-0.9999351269768944,-6.186548815231109e-06
619,1,2.973408638630487e-07,-0.10529540444460657,0.0
619,3,2.973408638630487e-07,-0.9998127389286201,-4.407665311603271e-06
619,5,2.973408638630487e-07,-0.9999806359474359,-9.430336308300877e-08
620,1,3.034562344700582e-07,-0.11184153911626549,0.0
620,3,3.034562344700582e-07,-0.9998239348189771,-0.18607971784440455
620,5,3.034562344700582e-07,-0.999981760226117,-4.129808174202453e-09
621,1,2.8047567371488565e-07,-5.4680923654517574e-05,-2.3789770542651753e-08
621,3,2.8047567371488565e-07,-0.00011275447788917116,-3.3578709407845665e-09
621,5,2.8047567371488565e-07,-0.00435641186003449,-3.0899069172452417e-09
622,1,2.79763897478595e-07,-0.00022235964964536446,0.0
622,3,2.79763897478595e-07,-0.0004575247660004987,-3.504245093137458e-09
622,5,2.79763897478595e-07,-0.9204642835801037,-0.8614719355823277
623,1,2.836049079699733e-07,-7.570278080903752e-07,-7.570278080903752e-07
623,3,2.836049079699733e-07,-6.622726035550295e-05,-9.5761494107757e-07
623,5,2.836049079699733e-07,-6.622726035550295e-05,-1.433900392055128e-07
624,1,2.79763897478595e-07,-0.00022205022257232592,0.0
624,3,2.79763897478595e-07,-0.0004568886529263401,0.0
624,5,2.79763897478595e-07,-0.9203623830059214,0.0
625,1,2.8027657474206193e-07,-1.7982443385097932e-06,0.0
625,3,2.8027657474206193e-07,-0.00022190758999455378,-3.633558534230146e-06
625,5,2.8027657474206193e-07,-0.000456595973280453,-1.7982443385097932e-06
626,1,2.805225148310531e-07,-7.487999712152958e-07,0.0
626,3,2.805225148310531e-07,-0.00020714985876499624,-0.0018370796316112229
626,5,2.805225148310531e-07,-0.00020714985876499624,-4.406778306594289e-08
627,1,3.8048107874340775e-07,-0.00023319545782919985,0.0
627,3,3.8048107874340775e-07,-0.026266850853237964,-2.041545681220957e-08
627,5,3.8048107874340775e-07,-0.05297549600748038,-0.0009402447877301411
628,1,3.078870796146719e-07,-0.00030634407239806737,0.0
628,3,3.078870796146719e-07,-0.035941789741958864,-0.000313986923514743
628,5,3.078870796146719e-07,-0.09133395421432026,-1.5171014429417663e-05
629,1,2.798834681494135e-07,-0.0014131782129362409,-2.73576484286043e-06
629,3,2.798834681494135e-07,-0.0024054729287834023,-6.383821580424625e-08
629,5,2.798834681494135e-07,-0.9994001998768811,-5.989395520803656e-07
630,1,2.812875635070809e-07,-0.0014203916104243812,5.887109076196387e-10
630,3,2.812875635070809e-07,-0.0024177390928783113,-1.9794937181904422e-07
630,5,2.812875635070809e-07,-0.9992651939959071,-1.9752569692619024e-07
631,1,2.79763897478595e-07,-0.00022195134096136395,-3.504245093137458e-09
631,3,2.79763897478595e-07,-0.000456685374292565,-0.013737519322602561
631,5,2.79763897478595e-07,-0.9203297642355526,-1.4043173214748917e-07
632,1,2.805219391624053e-07,-8.536111016906901e-08,-0.0018370758686118347
632,3,2.805219391624053e-07,-8.08370504140504e-05,-8.908003192093309e-08
632,5,2.805219391624053e-07,-0.001555438672572133,-0.0008636183022242309
633,1,2.9885619682724285e-07,-0.011512013958169701,0.0
633,3,2.9885619682724285e-07,-0.9993939972848083,-0.011512013958169701
633,5,2.9885619682724285e-07,-0.9999758952905948,4.822468360595391e-11
634,1,4.137080332802732e-07,-8.785409660253786e-05,0.0
634,3,4.137080332802732e-07,-0.0040550294203603905,3.3063218316604114e-08
634,5,4.137080332802732e-07,-0.009835365166766962,-2.7537670212692903e-06
635,1,2.79763897478595e-07,-0.00022205022257232592,0.0
635,3,2.79763897478595e-07,-0.0004568886529263401,-3.382289665562975e-08
635,5,2.79763897478595e-07,-0.9203623830059214,-3.504245093137458e-09
636,1,2.80512375811901e-07,-7.487729071151493e-07,-0.0018370133554201874
636,3,2.80512375811901e-07,-0.0002071498689040154,-9.575628551301326e-11
636,5,2.80512375811901e-07,-0.0002071498689040154,-1.6576238171013002e-06
637,1,2.805219391624053e-07,-7.487984345820477e-07,0.0
637,3,2.805219391624053e-07,-0.0002070432614754949,-2.8982950058622243e-09
637,5,2.805219391624053e-07,-0.0002070432614754949,2.455767901136152e-10
638,1,2.835579142009691e-07,-1.4701273435339416e-05,0.0
638,3,2.835579142009691e-07,-3.597747758656775e-05,-6.108116469018002e-08
638,5,2.835579142009691e-07,-0.003984097424748499,0.0
639,1,3.3200818658631965e-07,-0.0023661452856443017,0.0
639,3,3.3200818658631965e-07,-0.004446438499215403,-5.640468191223187e-09
639,5,3.3200818658631965e-07,-0.004446438499215403,-0.0023661452856443017
640,1,2.826926346188785e-07,-0.0002952557525511097,-2.496157515074575e-07
640,3,2.826926346188785e-07,-0.03629812054911691,-3.690162332832366e-07
640,5,2.826926346188785e-07,-0.09218689627379449,-1.9037364458478457e-09
641,1,2.805219391624053e-07,-7.487984345820477e-07,0.0
641,3,2.805219391624053e-07,-0.00010976897615688159,-1.8323103091904505e-10
641,5,2.805219391624053e-07,-0.00022600345133292455,-1.595218340863237e-08
642,1,2.84120432010188e-07,-0.00031166003153256053,0.0
642,3,2.84120432010188e-07,-0.027836565825579584,-1.2605645289263681e-05
642,5,2.84120432010188e-07,-0.07861089609141382,-1.5613847319248357e-09
643,1,2.805207588619041e-07,-5.95256820421725e-06,0.0
643,3,2.805207588619041e-07,-7.090605240988282e-05,-1.9604759181174807e-06
643,5,2.805207588619041e-07,-0.0022402103706193003,-2.5865156628559094e-07
644,1,2.834383098532548e-07,-0.00018242402572131252,-5.517452057145641e-07
644,3,2.834383098532548e-07,-0.0010091549915017975,-5.517452057145641e-07
644,5,2.834383098532548e-07,-0.03000149940226699,-5.446647326381949e-07
645,1,2.79763897478595e-07,-0.00022195134096136395,0.0
645,3,2.79763897478595e-07,-0.000456685374292565,-2.5706633410122287e-08
645,5,2.79763897478595e-07,-0.9203297642355526,-1.5965993067515174e-06
646,1,2.932112543999224e-07,-5.7226547550304675e-05,0.0
646,3,2.932112543999224e-07,-0.00031773195256246697,-0.0025169039204104063
646,5,2.932112543999224e-07,-0.007596013113387082,-1.5393460209389595e-05
647,1,2.79763897478595e-07,-0.00022188729584594324,0.0
647,3,2.79763897478595e-07,-0.00045655371173491634,0.0
647,5,2.79763897478595e-07,-0.9203086229656718,-2.5706633410122287e-08
648,1,3.2764414189826333e-07,-0.9790044204398547,0.0
648,3,3.2764414189826333e-07,-0.9999949491884969,-0.9793882076639742
648,5,3.2764414189826333e-07,-0.999994807726102,0.0
649,1,2.805219391624053e-07,-7.487984345820477e-07,-0.0018370758686118347
649,3,2.805219391624053e-07,-0.00020714943375474998,0.0
649,5,2.805219391624053e-07,-0.00020714943375474998,0.0
650,1,2.79763897478595e-07,-0.00022235964964536446,-1.4180058911323522e-06
650,3,2.79763897478595e-07,-0.0004575247660004987,-1.7847947164607609e-06
650,5,2.79763897478595e-07,-0.9204642835801037,-1.7847947164607609e-06
651,1,2.841222414447635e-07,-0.0002968922979228966,-0.0002968922979228966
651,3,2.841222414447635e-07,-0.027226475970588773,-7.037929156490525e-07
651,5,2.841222414447635e-07,-0.07700616715269694,-4.4591328247627016e-07
652,1,2.80512375811901e-07,-8.537136326165059e-08,-1.0139019152089317e-11
652,3,2.80512375811901e-07,-7.347646476699653e-05,-8.537136326165059e-08
652,5,2.80512375811901e-07,-7.347646476699653e-05,-1.4218611368765374e-06
653,1,2.8047567371488565e-07,-5.4680923654517574e-05,0.0
653,3,2.8047567371488565e-07,-0.00011275447788917116,-1.8320081131023924e-10
653,5,2.8047567371488565e-07,-0.00435641186003449,-0.0024166204816304434
654,1,2.805225148310531e-07,-7.487999712152958e-07,0.0
654,3,2.805225148310531e-07,-0.00020704368626795172,0.0
654,5,2.805225148310531e-07,-0.00020704368626795172,-0.0018346938352405326
655,1,2.8343642888363696e-07,-0.00019150443805790354,-0.00019150443805790354
655,3,2.8343642888363696e-07,-0.0010592797086863895,-0.008322038188018365
655,5,2.8343642888363696e-07,-0.03161415645474653,-7.517069488104753e-06
656,1,2.8047567371488565e-07,-5.468607186838464e-05,-3.449039021663377e-07
656,3,2.8047567371488565e-07,-0.00011276506521632893,-1.6158094955424446e-08
656,5,2.8047567371488565e-07,-0.004356818194035324,-0.47992285430212633
657,1,4.995176372651593e-07,-0.004770316666803192,0.0
657,3,4.995176372651593e-07,-0.004770316666803192,-0.14781175907425564
657,5,4.995176372651593e-07,-0.9999066921997476,-0.9887176313236187
658,1,3.4968381753918985e-07,-0.0003781571582677109,0.0
658,3,3.4968381753918985e-07,-0.0372562728820676,-1.1309917522320361e-07
658,5,3.4968381753918985e-07,-0.09461418106474236,-2.3050987965903928e-08
659,1,2.8052165908439525e-07,-5.95258730655535e-06,-2.850804418805019e-09
659,3,2.8052165908439525e-07,-7.364148054559383e-05,4.626540132739438e-11
659,5,2.8052165908439525e-07,-0.0026184758200433252,0.0
660,1,3.034562344700582e-07,-0.11184153911626549,0.0
660,3,3.034562344700582e-07,-0.9998248818227811,-9.046506216657551e-09
660,5,3.034562344700582e-07,-0.999981769408496,-0.03180770373940767
661,1,2.805219391624053e-07,-8.536111016906901e-08,0.0
661,3,2.805219391624053e-07,-3.8890814459168696e-05,-2.898816611785798e-09
661,5,2.805219391624053e-07,-7.347630385586725e-05,0.0
662,1,2.8047567371488565e-07,-5.468607186838464e-05,0.0
662,3,2.8047567371488565e-07,-0.00011276506521632893,-5.9660143482355345e-06
662,5,2.8047567371488565e-07,-0.004356818194035324,0.0
663,1,2.934004462221814e-07,-0.0002919338556737427,-0.0002919338556737427
663,3,2.934004462221814e-07,-0.03199366494627812,0.0
663,5,2.934004462221814e-07,-0.08179846198598414,0.0
664,1,2.805207588619041e-07,-5.8502404306712675e-06,4.626525285713004e-11
664,3,2.805207588619041e-07,-7.168457062982067e-05,0.0
664,5,2.805207588619041e-07,-0.0025507467579167597,-3.21047315127868e-08
665,1,2.8047567371488565e-07,-5.4680923654517574e-05,0.0
665,3,2.8047567371488565e-07,-0.00011275447788917116,-0.47989947450520715
665,5,2.8047567371488565e-07,-0.00435641186003449,0.0
666,1,2.726321643257637e-07,-0.974885770611363,-8.48648196232636e-07
666,3,2.726321643257637e-07,-0.9918957489000517,4.883880833417972e-10
666,5,2.726321643257637e-07,-0.9999938659388191,-7.988039134816144e-08
667,1,1.0617772160834117e-06,-2.5516269125606208e-05,1.068567087325618e-07
667,3,1.0617772160834117e-06,-2.0618347176445424e-05,-1.4379609278176336e-07
667,5,1.0617772160834117e-06,-0.00014184341582006483,-0.0004846798823977227
668,1,2.805219391624053e-07,-7.487984345820477e-07,0.0
668,3,2.805219391624053e-07,-0.00020714943375474998,-8.875833143937626e-08
668,5,2.805219391624053e-07,-0.00020714943375474998,-8.769624775656868e-08
669,1,2.836049079699733e-07,-8.685136207931307e-08,-9.764918047414815e-08
669,3,2.836049079699733e-07,-2.3375934495291017e-05,0.0
669,5,2.836049079699733e-07,-2.3375934495291017e-05,-1.039576651316677e-05
670,1,2.834536406534253e-07,-0.00018243256145665008,-4.851024295661289e-07
670,3,2.834536406534253e-07,-0.012519765868391328,0.0
670,5,2.834536406534253e-07,-0.030001499386936192,-1.4060661593104983e-06
671,1,2.8052165908439525e-07,-4.079808437864702e-06,0.0
671,3,2.8052165908439525e-07,-0.00036987873172888796,0.0
671,5,2.8052165908439525e-07,-0.0002103730028805713,-0.0018370740378131783
672,1,2.826846889468534e-07,-0.00029525565937584707,0.0
672,3,2.826846889468534e-07,-0.032874066906868483,-0.00029525565937584707
672,5,2.826846889468534e-07,-0.09196754885982211,-0.0005578746628162926
673,1,4.081518951410254e-07,-0.9027675788874981,-7.915897589840562e-08
673,3,4.081518951410254e-07,-0.9999911365146803,-0.8146795344234257
673,5,4.081518951410254e-07,-0.9999918001920769,-4.2411828045236575e-07
674,1,2.8555104544301696e-07,-0.00019039148297593514,0.0
674,3,2.8555104544301696e-07,-0.0010528820585402664,-0.004749445305857502
674,5,2.8555104544301696e-07,-0.03442365124346463,-0.0007463140409772272
675,1,2.9778170038497037e-07,-0.00011073073657719094,0.0
675,3,2.9778170038497037e-07,-0.0006809924554849843,-8.548774314417367e-06
675,5,2.9778170038497037e-07,-0.018071887764170833,-0.000460417823012963
676,1,2.805225148310531e-07,-8.53612242424985e-08,0.0
676,3,2.805225148310531e-07,-7.347645462797738e-05,5.475366165051456e-10
676,5,2.805225148310531e-07,-7.347645462797738e-05,-2.919450564714947e-06
677,1,2.8027657474206193e-07,-1.7982443385097932e-06,0.0
677,3,2.8027657474206193e-07,-0.00022252241001903701,-2.328709744999696e-07
677,5,2.8027657474206193e-07,-0.0004578599061459504,-1.427101015242995e-06
678,1,3.497424951565396e-07,-0.0011680649923478167,0.0
678,3,3.497424951565396e-07,-0.002197500598200509,0.0
678,5,3.497424951565396e-07,-0.0036629351407125935,-1.4467265716300087e-06
679,1,2.79763897478595e-07,-0.00022195134096136395,3.639734430056401e-10
679,3,2.79763897478595e-07,-0.000456685374292565,-0.007019120461216586
679,5,2.79763897478595e-07,-0.9203297642355526,-2.9429236316384012e-08
680,1,2.805219391624053e-07,-7.487984345820477e-07,0.0
680,3,2.805219391624053e-07,-0.0002070432614754949,5.473444872961904e-10
680,5,2.805219391624053e-07,-0.0002070432614754949,-6.164454005027084e-08
681,1,3.1687166382171953e-07,-0.0980141596991278,0.0
681,3,3.1687166382171953e-07,-0.9979611372979323,-0.00028639986853560255
681,5,3.1687166382171953e-07,-0.9999363875906703,-0.5648585008302835
682,1,2.798819407510773e-07,-0.001413303801509459,-5.218993961577759e-07
682,3,2.798819407510773e-07,-0.002405686471225135,-1.7183151987112737e-06
682,5,2.798819407510773e-07,-0.9993952411413719,-2.2396492178519368e-07
683,1,2.79763897478595e-07,-0.00022188729584594324,0.0
683,3,2.79763897478595e-07,-0.00045655371173491634,-0.00022188729584594324
683,5,2.79763897478595e-07,-0.9203086229656718,-0.848826324561142
684,1,2.78546829875658e-07,-0.031537557357307275,0.0
684,3,2.78546829875658e-07,-0.0026231848157245107,-0.03764265032062969
684,5,2.78546829875658e-07,-0.9999172059109624,-7.254954576045899e-06
685,1,3.0292873665208354e-07,-0.11174821929541298,0.0
685,3,3.0292873665208354e-07,-0.9998247016801554,-1.4456703345623519e-06
685,5,3.0292873665208354e-07,-0.9999814344667213,-1.6424353425042066e-06
686,1,2.805219391624053e-07,-7.487984345820477e-07,0.0
686,3,2.805219391624053e-07,-0.0002070432614754949,0.0
686,5,2.805219391624053e-07,-0.0002070432614754949,-0.005177707880196274
687,1,2.8027657474206193e-07,-1.7982443385097932e-06,0.0
687,3,2.8027657474206193e-07,-0.0002219508282841005,-2.771053912396626e-08
687,5,2.8027657474206193e-07,-0.0004566848616153015,5.127660380228566e-10
688,1,2.79763897478595e-07,-0.00022205902607392867,0.0
688,3,2.79763897478595e-07,-0.0004568886529263401,-1.4180058911323522e-06
688,5,2.79763897478595e-07,-0.9203623830059214,-3.504245093137458e-09
689,1,2.9313682161086147e-07,-5.72120212095402e-05,-5.72120212095402e-05
689,3,2.9313682161086147e-07,-0.00031759761497219895,-2.6139773083558114e-07
689,5,2.9313682161086147e-07,-0.00726798561152749,-7.306761179562022e-07
690,1,3.924388054743539e-07,-0.07044239318248592,-8.344909047780669e-05
690,3,3.924388054743539e-07,-0.00232973875938281,-1.3225395961568167e-05
690,5,3.924388054743539e-07,-0.00232973875938281,-1.3672610241904872e-07
691,1,2.80487341444061e-07,-7.487060828367594e-07,-8.874738457858045e-08
691,3,2.80487341444061e-07,-0.00020701773142410917,-2.476684930543639e-07
691,5,2.80487341444061e-07,-0.00020701773142410917,-6.866908098103583e-08
692,1,2.79763897478595e-07,-0.00022242383089804565,0.0
692,3,2.79763897478595e-07,-0.00045765670829446363,0.0
692,5,2.79763897478595e-07,-0.9204853871226364,0.0
693,1,3.959753894029692e-07,-0.00026759185650792765,-3.496436101122454e-07
693,3,3.959753894029692e-07,-0.0014798880947993617,-1.1669807914160363e-07
693,5,3.959753894029692e-07,-0.031626917530338486,-1.0028649595904744e-05
694,1,4.4099187998063976e-07,-0.08525538465669817,0.0
694,3,4.4099187998063976e-07,-0.0025738731924165145,-0.00017966053968218688
694,5,4.4099187998063976e-07,-0.0025738731924165145,-2.6573859612354345e-06
695,1,2.7217024424618686e-07,-0.9748565187856185,-2.4133339512692083e-08
695,3,2.7217024424618686e-07,-0.9999940507468421,-0.0014871101717621369
695,5,2.7217024424618686e-07,-0.9999945819817301,0.0
696,1,2.803688018896677e-07,-5.4681112037716094e-05,0.0
696,3,2.803688018896677e-07,-0.00011275475238953766,-8.808192260312003e-08
696,5,2.803688018896677e-07,-0.004356411966906316,-4.941245312395287e-05
697,1,2.805225148310531e-07,-7.487999712152958e-07,-3.5967963492020256e-08
697,3,2.805225148310531e-07,-0.00020714985876499624,-1.3875444308613363e-07
697,5,2.805225148310531e-07,-0.00020714985876499624,-0.0031025945318859287
698,1,2.7463021985880116e-07,-0.031553083918969695,5.229667759903549e-10
698,3,2.7463021985880116e-07,-0.9993514090100546,-6.041717329285367e-08
698,5,2.7463021985880116e-07,-0.9999335821371738,0.0
699,1,3.119620337578409e-07,-3.1208093275936866e-06,0.0
699,3,3.119620337578409e-07,-0.0021975383786619076,-6.16407976637609e-08
699,5,3.119620337578409e-07,-0.0021975383786619076,-6.89109675834064e-09
700,1,3.195448912419783e-07,-0.04961730235849853,0.0
700,3,3.195448912419783e-07,-0.9957581071243088,-0.0002867198332152706
700,5,3.195448912419783e-07,-0.9999096760025435,-0.00013407109365197342
701,1,2.881618897766173e-07,-0.00019220122098834695,0.0
701,3,2.881618897766173e-07,-0.01354207776275941,-3.591101552620057e-07
701,5,2.881618897766173e-07,-0.03239646147326728,-4.929616006329445e-07
702,1,2.7998969926191077e-07,-0.00022253907958006425,-0.007024745903794468
702,3,2.7998969926191077e-07,-0.00045789387214711794,-3.2784433098217064e-09
702,5,2.7998969926191077e-07,-0.9205233280699905,-8.858992853932994e-08
703,1,2.8047567371488565e-07,-5.4680923654517574e-05,0.0
703,3,2.8047567371488565e-07,-0.00011275447788917116,-2.3789770542651753e-08
703,5,2.8047567371488565e-07,-0.00435641186003449,-5.956320630622211e-06
704,1,2.8600097534780166e-07,-5.581392375222753e-05,-7.846630382997471e-06
704,3,2.8600097534780166e-07,-0.0003097593802205471,-6.612977368509795e-07
704,5,2.8600097534780166e-07,-0.0068195102183825195,-2.5884406008360558e-06
705,1,2.80512375811901e-07,-7.487729071151493e-07,5.756478411535936e-13
705,3,2.80512375811901e-07,-0.0002071498689040154,-0.0067084134723649665
705,5,2.80512375811901e-07,-0.0002071498689040154,-0.009480426353376675
706,1,2.79763897478595e-07,-0.00022188729584594324,0.0
706,3,2.79763897478595e-07,-0.00045655371173491634,-1.5965993067515174e-06
706,5,2.79763897478595e-07,-0.9203086229656718,-8.851848392356836e-08
707,1,2.9790844590889893e-07,-0.08714636384233675,-4.262528842424152e-06
707,3,2.9790844590889893e-07,-0.9999576052206834,2.864405123094168e-09
707,5,2.9790844590889893e-07,-0.9999763335302329,-0.009652987561774044
708,1,2.835655806321309e-07,-1.4701252576308784e-05,-1.6233417629146468e-08
708,3,2.835655806321309e-07,-3.5977437996711604e-05,-2.7660781109133677e-07
708,5,2.835655806321309e-07,-0.003984097417082068,-0.00019438856170760923
709,1,2.8621122177171536e-07,-0.00028478518592594404,0.0
709,3,2.8621122177171536e-07,-0.031278750310330825,-3.519852852220418e-08
709,5,2.8621122177171536e-07,-0.08006268118206396,-1.0469567138495888e-06
710,1,2.805219391624053e-07,-7.487984345820477e-07,0.0
710,3,2.805219391624053e-07,-0.0002070432614754949,-2.5765153637054467e-07
710,5,2.805219391624053e-07,-0.0002070432614754949,5.182958037980197e-10
711,1,2.8599850167074777e-07,-5.5813865271796815e-05,0.0
711,3,2.8599850167074777e-07,-0.0003097584389089417,-2.525389409292335e-07
711,5,2.8599850167074777e-07,-0.006819489596420843,-1.5027570487674621e-05
712,1,2.805219391624053e-07,-8.536111016906901e-08,-8.536111016906901e-08
712,3,2.805219391624053e-07,-8.028154749823089e-05,-7.35176722897892e-09
712,5,2.805219391624053e-07,-8.028154749823089e-05,-2.4802047945634817e-07
713,1,4.429772449346011e-07,-0.0033025910305902136,0.0
713,3,4.429772449346011e-07,-0.00620769790817421,-3.3218514872493345e-07
713,5,4.429772449346011e-07,-0.00620769790817421,-2.4711939118258904e-07
714,1,2.80512375811901e-07,-7.487729071151493e-07,-2.4769059822620826e-07
714,3,2.80512375811901e-07,-0.0002071498689040154,0.0
714,5,2.80512375811901e-07,-0.0002071498689040154,-7.487729071151493e-07
715,1,2.79763897478595e-07,-0.00022205022257232592,0.0
715,3,2.79763897478595e-07,-0.0004568886529263401,0.0
715,5,2.79763897478595e-07,-0.9203623830059214,-2.798219164411397e-07
716,1,2.8027657474206193e-07,-1.7982443385097932e-06,0.0
716,3,2.8027657474206193e-07,-0.00022191950979541397,-1.806183328541342e-06
716,5,2.8027657474206193e-07,-0.00045655319905765285,-1.3058034577299224e-07
717,1,2.741369830473286e-07,-0.002623563922558961,0.0
717,3,2.741369830473286e-07,-0.002623563922558961,-5.7527029295662127e-08
717,5,2.741369830473286e-07,-0.9999069175804018,-5.795168113042494e-08
718,1,2.8047567371488565e-07,-5.4680923654517574e-05,0.0
718,3,2.8047567371488565e-07,-0.00011275447788917116,0.0
718,5,2.8047567371488565e-07,-0.00435641186003449,-0.0003608088195327593
719,1,2.824881025945013e-07,-0.0001978153934093093,0.0
719,3,2.824881025945013e-07,-0.0010057714918547173,0.0
719,5,2.824881025945013e-07,-0.029902363945484487,-4.800184575795466e-07
720,1,2.8280237926647293e-07,-0.000295255103488809,0.0
720,3,2.8280237926647293e-07,-0.03287406678917817,-0.0005353340758578105
720,5,2.8280237926647293e-07,-0.0919675487421318,-1.4597739893406334e-06
721,1,2.337452299672349e-06,-0.08914964537661828,0.0
721,3,2.337452299672349e-06,-0.9994231823078737,2.0428106428445736e-06
721,5,2.337452299672349e-06,-0.999971511940528,-0.742470547919726
722,1,4.330573255703797e-07,-0.8068615526792464,9.88663595092377e-08
722,3,4.330573255703797e-07,-0.9950085821247671,-4.286651548405172e-08
722,5,4.330573255703797e-07,-0.9999767451950581,-8.986559078937424e-09
723,1,2.9786092325649164e-07,-0.08714613557120335,0.0
723,3,2.9786092325649164e-07,-0.9999576050697893,-0.09056778943548831
723,5,2.9786092325649164e-07,-0.9999763334676095,-7.885500934462887e-05
724,1,5.524408678087284e-07,-0.9837504850592468,0.0
724,3,5.524408678087284e-07,-0.9947884976180769,-2.2369839347220485e-06
724,5,5.524408678087284e-07,-0.9999947156376773,-0.0019107704077159545
725,1,2.85994317233325e-07,-6.074377743912002e-05,-6.858141512610989e-07
725,3,2.85994317233325e-07,-0.0003653498540545981,-7.132419137663901e-08
725,5,2.85994317233325e-07,-0.01979912752982548,-4.532174425441816e-06
726,1,2.805225148310531e-07,-8.53612242424985e-08,-5.334968372977442e-08
726,3,2.805225148310531e-07,-7.347645462797738e-05,0.0
726,5,2.805225148310531e-07,-7.347645462797738e-05,-0.006099799793500877
727,1,2.7976216018198975e-07,-0.00022235826912892957,-0.007019077179370246
727,3,2.7976216018198975e-07,-0.0005113510005232852,0.0
727,5,2.7976216018198975e-07,-0.9282348896402957,-0.014120358482995216
728,1,2.881642747331487e-07,-0.00019220121860339043,-1.029432469030533e-05
728,3,2.881642747331487e-07,-0.013542077760374454,-2.615794834483742e-08
728,5,2.881642747331487e-07,-0.03239646147088232,-0.002414156641301904
729,1,2.79763897478595e-07,-0.00022252292269630048,0.0
729,3,2.79763897478595e-07,-0.0004578604188232139,0.0
729,5,2.79763897478595e-07,-0.9205179476799341,-0.007019120461216586
730,1,2.798834681494135e-07,-0.0014133104311422058,0.0
730,3,2.798834681494135e-07,-0.0024056977449360317,-5.91673830980311e-10
730,5,2.798834681494135e-07,-0.9994002559978833,-1.71832457604561e-06
731,1,2.988581801270603e-07,-0.010972833226987425,-8.314822183745718e-06
731,3,2.988581801270603e-07,-0.9993603980580196,5.0207983423423525e-11
731,5,2.988581801270603e-07,-0.9999745739336795,-1.20658304450656e-05
732,1,2.8027657474206193e-07,-1.7982443385097932e-06,0.0
732,3,2.8027657474206193e-07,-0.00022252241001903701,-2.479009119166927e-07
732,5,2.8027657474206193e-07,-0.0004578599061459504,0.0
733,1,3.2272374309018227e-07,-0.11479492510487295,0.0
733,3,3.2272374309018227e-07,-0.9995928427430424,-0.030876907740808757
733,5,3.2272374309018227e-07,-0.999974604242425,-8.661373827746375e-05
734,1,2.8047393199824584e-07,-5.4685732293815826e-05,0.0
734,3,2.8047393199824584e-07,-0.00012606148674678224,-1.0660838246043364e-09
734,5,2.8047393199824584e-07,-0.004866870380755071,-4.221193528820035e-08
735,1,2.9879331792864913e-07,-0.010970075826254084,1.6553302864848366e-11
735,3,2.9879331792864913e-07,-0.9993602357514766,1.659254467489683e-11
735,5,2.9879331792864913e-07,-0.9999745739985416,-0.05273926292312137
736,1,2.746869041978283e-07,-0.002943678431179305,-9.424057026708311e-07
736,3,2.746869041978283e-07,-0.002943678431179305,-3.496210248158576e-08
736,5,2.746869041978283e-07,-0.9998662927001708,-9.427461940137785e-07
737,1,2.805219391624053e-07,-8.536111016906901e-08,0.0
737,3,2.805219391624053e-07,-4.0395939326505117e-05,0.0
737,5,2.805219391624053e-07,-0.0016039993264602803,-1.8323103091904505e-10
738,1,2.850107322193603e-07,-0.002727343652672661,-2.038280737059837e-06
738,3,2.850107322193603e-07,-0.002727343652672661,2.7876143187250126e-09
738,5,2.850107322193603e-07,-0.9999104552814103,0.0
739,1,2.805219391624053e-07,-8.536111016906901e-08,0.0
739,3,2.805219391624053e-07,-7.347630385586725e-05,-0.0018370758686118347
739,5,2.805219391624053e-07,-7.347630385586725e-05,-6.951318819655332e-07
740,1,3.6282555384468014e-07,-0.0031602979441197206,-1.8045770663108323e-07
740,3,3.6282555384468014e-07,-0.005934578764741117,-7.712282751044421e-08
740,5,3.6282555384468014e-07,-0.005934578764741117,-0.017270799741910915
741,1,2.8048706140059393e-07,-3.8275404062735895e-06,0.0
741,3,2.8048706140059393e-07,-0.0003698331302194675,-2.847542814115373e-07
741,5,2.8048706140059393e-07,-0.0002103470623324441,-3.463908440112716e-07
742,1,2.8047567371488565e-07,-5.4680923654517574e-05,0.0
742,3,2.8047567371488565e-07,-0.00011275447788917116,-1.8320081131023924e-10
742,5,2.8047567371488565e-07,-0.00435641186003449,-4.636323018900889e-07
743,1,2.79763897478595e-07,-0.00022188729584594324,0.0
743,3,2.79763897478595e-07,-0.00045655371173491634,-2.956386008278523e-07
743,5,2.79763897478595e-07,-0.9203086229656718,-3.516681323526097e-07
744,1,2.8280237926647293e-07,-0.0002952827797538625,0.0
744,3,2.8280237926647293e-07,-0.03287704504092175,-5.419677504399866e-07
744,5,2.8280237926647293e-07,-0.09197537143195657,-5.0653355444863387e-05
745,1,2.832681425717325e-07,-6.0425122287069344e-05,0.0
745,3,2.832681425717325e-07,-0.0001466123587428919,-0.0029958508040914423
745,5,2.832681425717325e-07,-0.6091634650927914,-0.004118875414478443
746,1,2.8027657474206193e-07,-1.7982443385097932e-06,0.0
746,3,2.8027657474206193e-07,-0.00022204970989506245,-7.3406221852841605e-09
746,5,2.8027657474206193e-07,-0.0004568881402490766,-7.3406221852841605e-09
747,1,2.9931585523901603e-07,-0.1260430352449674,-8.601076857004269e-09
747,3,2.9931585523901603e-07,-0.9997715962206065,-8.351926573982683e-06
747,5,2.9931585523901603e-07,-0.9999763328577047,-2.2977710624327005e-06
748,1,2.7976389838960436e-07,-0.0002220502225714149,-3.382377076018532e-08
748,3,2.7976389838960436e-07,-0.0004568886529254291,0.0
748,5,2.7976389838960436e-07,-0.9203623830059205,-2.9563860179055467e-07
749,1,2.968070720583487e-07,-0.9768839903310282,0.0
749,3,2.968070720583487e-07,-0.9925508757332198,-2.550856557675919e-09
749,5,2.968070720583487e-07,-0.9999943191632448,-2.0873615444056157e-06
750,1,2.79763897478595e-07,-0.00022195134096136395,0.0
750,3,2.79763897478595e-07,-0.000456685374292565,-2.057002331696113e-06
750,5,2.79763897478595e-07,-0.9203297642355526,-2.8223216387433178e-08
751,1,2.805219391624053e-07,-1.2384732079583548e-07,-4.35950591922252e-09
751,3,2.805219391624053e-07,-7.347630385586725e-05,-0.0019119704626587022
751,5,2.805219391624053e-07,-7.347630385586725e-05,-2.782598862448924e-10
752,1,2.805219391624053e-07,-8.536111016906901e-08,-4.35950591922252e-09
752,3,2.805219391624053e-07,-7.347630385586725e-05,-9.684735008052202e-11
752,5,2.805219391624053e-07,-7.347630385586725e-05,-9.684735008052202e-11
753,1,2.8140476764967543e-07,-5.486721305256736e-05,0.0
753,3,2.8140476764967543e-07,-0.00012647980602093137,-1.4518505377831856e-07
753,5,2.8140476764967543e-07,-0.004882943654164458,-0.0018498394464245204
754,1,2.9123244814195095e-07,-7.773880123207996e-07,0.0
754,3,2.9123244814195095e-07,-6.804329928867402e-05,-8.851170274750809e-07
754,5,2.9123244814195095e-07,-6.804329928867402e-05,-4.7285894176673797e-07
755,1,2.8345741891581904e-07,-0.0002722791829438917,0.0
755,3,2.8345741891581904e-07,-0.027167566574060754,-1.2912867397759306e-05
755,5,2.8345741891581904e-07,-0.07684805912052303,-1.0275424937785546e-06
756,1,2.9880947531642606e-07,-0.010970662530104336,0.0
756,3,2.9880947531642606e-07,-0.9993602357353193,-1.3818877983302734e-06
756,5,2.9880947531642606e-07,-0.9999750471349405,-1.4067586337305622e-07
757,1,2.8906007706864666e-07,-0.00019281002547433758,-0.00019281002547433758
757,3,2.8906007706864666e-07,-0.013638176013680236,-0.00019281002547433758
757,5,2.8906007706864666e-07,-0.03262192935671279,-8.190274883250234e-11
758,1,2.79763897478595e-07,-0.00022192002247267744,-1.4180058911323522e-06
758,3,2.79763897478595e-07,-0.00045655371173491634,-3.506175251092334e-09
758,5,2.79763897478595e-07,-0.9203086229656718,-0.0005474147182329152
759,1,2.79763897478595e-07,-0.00022235964964536446,0.0
759,3,2.79763897478595e-07,-0.0004575247660004987,-1.4180058911323522e-06
759,5,2.79763897478595e-07,-0.9204642835801037,-1.6836083847774038e-07
760,1,2.8042731117486674e-07,-1.2387574302946943e-07,0.0
760,3,2.8042731117486674e-07,-3.888449597025064e-05,0.0
760,5,2.8042731117486674e-07,-8.028164212621842e-05,-1.6306749831542498e-07
761,1,2.833707461902146e-07,-0.0001889992332846967,-3.4848806237040775e-08
761,3,2.833707461902146e-07,-0.0010451874816548626,-1.0140487891571764e-05
761,5,2.833707461902146e-07,-0.03418526316693731,0.0
762,1,2.8027657474206193e-07,-1.7982443385097932e-06,0.0
762,3,2.8027657474206193e-07,-0.00022198356434299183,-9.282307624564098e-08
762,5,2.8027657474206193e-07,-0.0004566848616153015,0.0
763,1,2.79763897478595e-07,-0.00022188729584594324,0.0
763,3,2.79763897478595e-07,-0.00045655371173491634,0.0
763,5,2.79763897478595e-07,-0.9203086229656718,0.0
764,1,2.8027657474206193e-07,-1.7982443385097932e-06,0.0
764,3,2.8027657474206193e-07,-0.00022252241001903701,-1.4178128277499734e-06
764,5,2.8027657474206193e-07,-0.0004578599061459504,-2.398207657855028e-07
765,1,2.8047567371488565e-07,-5.4680923654517574e-05,-5.9660143482355345e-06
765,3,2.8047567371488565e-07,-0.00011275447788917116,-0.0018367734430674292
765,5,2.8047567371488565e-07,-0.00435641186003449,0.0
766,1,2.79763897478595e-07,-0.00022235964964536446,-0.00022235964964536446
766,3,2.79763897478595e-07,-0.0004575247660004987,0.0
766,5,2.79763897478595e-07,-0.9204642835801037,-2.9429236316384012e-08
767,1,2.79763897478595e-07,-0.00022235964964536446,0.0
767,3,2.79763897478595e-07,-0.0004575247660004987,0.0
767,5,2.79763897478595e-07,-0.9204642835801037,-2.956386008278523e-07
768,1,2.9750367135411884e-07,-0.0001190077991596277,-8.570153234103265e-08
768,3,2.9750367135411884e-07,-0.0007315636980473432,7.744084300775662e-12
768,5,2.9750367135411884e-07,-0.07901600331733416,-0.00010011374388159774
769,1,2.79763897478595e-07,-0.00022188729584594324,-0.007019120461216586
769,3,2.79763897478595e-07,-0.00045655371173491634,-2.956386008278523e-07
769,5,2.79763897478595e-07,-0.9203086229656718,-2.9429236316384012e-08
770,1,2.9673829348036297e-07,-0.7872623314299477,0.0
770,3,2.9673829348036297e-07,-0.9943950774463797,-8.050454731918849e-05
770,5,2.9673829348036297e-07,-0.9999780815333562,-1.5448342807684747e-07
771,1,3.8948308875960326e-07,-0.07003950979907013,-3.733485623853815e-08
771,3,3.8948308875960326e-07,-0.002549375263439575,-1.5400398168138656e-05
771,5,3.8948308875960326e-07,-0.002549375263439575,-3.450176900569821e-08
772,1,2.79763897478595e-07,-0.00022188729584594324,0.0
772,3,2.79763897478595e-07,-0.00045655371173491634,-7.634952978373602e-07
772,5,2.79763897478595e-07,-0.9203086229656718,-0.00045655371173491634
773,1,2.8047567371488565e-07,-5.468607186838464e-05,-1.6158094955424446e-08
773,3,2.8047567371488565e-07,-0.00011276506521632893,-4.636323018900889e-07
773,5,2.8047567371488565e-07,-0.004356818194035324,-3.364604466993732e-07
774,1,2.79763897478595e-07,-0.00022195134096136395,0.0
774,3,2.79763897478595e-07,-0.000456685374292565,-2.956386008278523e-07
774,5,2.79763897478595e-07,-0.9203297642355526,-1.4180058911323522e-06
775,1,3.238926855442596e-07,-0.04049213980989664,-3.190711698258648e-08
775,3,3.238926855442596e-07,-0.001527368670778447,-3.9901914600508607e-07
775,5,3.238926855442596e-07,-0.001527368670778447,-0.17476492450338266
776,1,2.8051209574343917e-07,-4.0798269491513975e-06,0.0
776,3,2.8051209574343917e-07,-0.00036987950062770193,-0.0018370778109478324
776,5,2.8051209574343917e-07,-0.00021037344464225902,-2.653647676676872e-07
777,1,2.8047393199824584e-07,-5.4685732293815826e-05,-8.874543457758177e-08
777,3,2.8047393199824584e-07,-0.00012606148674678224,0.0
777,5,2.8047393199824584e-07,-0.004866870380755071,-5.965977300311122e-06
778,1,2.8285630689304375e-07,-3.3797875817442375e-05,-2.8515135968915616e-08
778,3,2.8285630689304375e-07,-0.0010492191945065605,-7.785581293011093e-10
778,5,2.8285630689304375e-07,-0.0028200788031848673,-5.0819548838517235e-06
779,1,4.4028339972396427e-07,-0.08513007685795498,-2.8698297107583245e-08
779,3,4.4028339972396427e-07,-0.002569748736655993,-8.099346370260971e-07
779,5,4.4028339972396427e-07,-0.002569748736655993,0.0
780,1,2.79763897478595e-07,-0.00022205022257232592,-2.956386008278523e-07
780,3,2.79763897478595e-07,-0.0004568886529263401,0.0
780,5,2.79763897478595e-07,-0.9203623830059214,-1.4180058911323522e-06
781,1,2.805219391624053e-07,-7.487984345820477e-07,-3.0829688075680063e-09
781,3,2.805219391624053e-07,-0.0002070432614754949,0.0
781,5,2.805219391624053e-07,-0.0002070432614754949,-1.299475238608751e-10
782,1,2.826923674758808e-07,-0.0002952554736184942,0.0
782,3,2.826923674758808e-07,-0.03287406689918996,-2.513440662065959e-07
782,5,2.826923674758808e-07,-0.09196754885214359,-8.288990795832411e-07
783,1,2.8047567371488565e-07,-5.468607186838464e-05,-1.8320081131023924e-10
783,3,2.8047567371488565e-07,-0.00011276506521632893,-7.917644765443224e-05
783,5,2.8047567371488565e-07,-0.004356818194035324,-0.05119501368026428
784,1,2.8047567371488565e-07,-5.4680923654517574e-05,0.0
784,3,2.8047567371488565e-07,-0.00011275447788917116,-3.453239428078185e-07
784,5,2.8047567371488565e-07,-0.00435641186003449,-0.0018367734430674292
785,1,4.133747355873595e-07,-0.060940685209024334,0.0
785,3,4.133747355873595e-07,-0.9969680032412321,-6.013803132886813e-07
785,5,4.133747355873595e-07,-0.9999222861708205,-0.0003708798032238281
786,1,2.8047567371488565e-07,-5.468607186838464e-05,0.0
786,3,2.8047567371488565e-07,-0.00011276506521632893,-3.449039021663377e-07
786,5,2.8047567371488565e-07,-0.004356818194035324,0.0
787,1,2.8047567371488565e-07,-5.4680923654517574e-05,-1.6015622388862193e-08
787,3,2.8047567371488565e-07,-0.00011275447788917116,0.0
787,5,2.8047567371488565e-07,-0.00435641186003449,-2.476581905310453e-07
788,1,2.805219391624053e-07,-7.487984345820477e-07,0.0
788,3,2.805219391624053e-07,-0.0002070432614754949,-0.005177707020000677
788,5,2.805219391624053e-07,-0.0002070432614754949,-8.565530301006323e-07
789,1,2.805219391624053e-07,-1.2384732079583548e-07,0.0
789,3,2.805219391624053e-07,-3.8890814459168696e-05,0.0
789,5,2.805219391624053e-07,-7.347630385586725e-05,-1.2795906317258977e-07
790,1,2.897644063506294e-07,-0.00028840237082068123,1.6816314339128365e-11
790,3,2.897644063506294e-07,-0.03174163736425054,-3.834723028028313e-08
790,5,2.897644063506294e-07,-0.08118700439338357,-0.34074277648194545
791,1,2.79763897478595e-07,-0.00022205022257232592,0.0
791,3,2.79763897478595e-07,-0.0004568886529263401,-0.00026849688468267636
791,5,2.79763897478595e-07,-0.9203623830059214,-3.504245093137458e-09
792,1,2.835237972406513e-07,-0.00019156206140035203,-6.962589470611954e-09
792,3,2.835237972406513e-07,-0.013208848895795619,-1.1593034786646737e-06
792,5,2.835237972406513e-07,-0.031614156367378174,-2.27708265228145e-05
793,1,2.79763897478595e-07,-0.00022188729584594324,0.0
793,3,2.79763897478595e-07,-0.00045655371173491634,-0.013737519322602561
793,5,2.79763897478595e-07,-0.9203086229656718,-0.0017758681280321603
794,1,2.8315469348784404e-07,-0.0002958816012223475,-2.500237462558102e-07
794,3,2.8315469348784404e-07,-0.029981207698191858,0.0
794,5,2.8315469348784404e-07,-0.0769201321443123,9.132796662682904e-10
795,1,2.9673829348036297e-07,-0.7872623314299477,0.0
795,3,2.9673829348036297e-07,-0.9943950774463797,0.0
795,5,2.9673829348036297e-07,-0.9999780815333562,-7.272598395684614e-08
796,1,2.805219391624053e-07,-7.487984345820477e-07,0.0
796,3,2.805219391624053e-07,-0.0002070432614754949,-2.47699042597867e-07
796,5,2.805219391624053e-07,-0.0002070432614754949,-8.875833143937626e-08
797,1,3.1589645527347504e-07,-0.03541355087506341,-1.2260132164620173e-07
797,3,3.1589645527347504e-07,-0.0014846783616770365,0.0
797,5,3.1589645527347504e-07,-0.0027934331420466506,-4.119449425378497e-05
798,1,2.7703666708812163e-07,-0.7154670505171101,0.0
798,3,2.7703666708812163e-07,-0.6257872588193085,-2.136736544955699e-06
798,5,2.7703666708812163e-07,-0.9999682925460044,-0.0010592142788801641
799,1,2.967316018701807e-07,-0.9768782274727162,0.0
799,3,2.967316018701807e-07,-0.9925489889656596,0.0
799,5,2.967316018701807e-07,-0.9999943192329854,-4.942746603868315e-09
